erk,vestigingsnr,ziekenhuis,campus,adres,post,gemeente,telefoon,website,algemeen_directeur,hoofdarts,hoofd_verpleegkundig_departement,gewest,taal,provincie,ziekenhuisgroepering,x17,ziekenhuisnetwerk,soort_ziekenhuis,statuut,a,a_d,a_n,b,c,cd,d,e,g,ib_sga_18,k,k_d,k_n,l,m,nic,s1,s2,s3,s4,s5,s6,t,t_d,t_n,tfb,tfp,tg,totaal_aantal_bedden_en_of_plaatsen_per_campus,totaal_aantal_bedden_en_of_plaatsen_per_ziekenhuis,opmerkingen,medische_beeldvorming,x53,x54,radiotherapie,dialysecentrum,transplantatiecentrum,centrum_voor_menselijke_erfelijkheid,centrum_voor_zware_brandwonden,zorgprogramma_cardiale_pathologie,x61,x62,x63,x64,x65,x66,samenwerking_of_associatie_m_b_t_zorgprogramma_cardiale_pathologie,zorgprogrammas_acute_beroertezorg_cva,x69,associatie_m_b_t_zorgprogramma_beroertezorg_cva,zorgprogramma_reproductieve_geneeskunde,x72,associatie_m_b_t_zorgprogramma_reproductieve_geneeskunde,zorgprogramma_oncologische_basiszorg,zorgprogramma_oncologie,coordinerend_gespecialiseerd_oncologisch_zorgprogramma_voor_borstkanker,gespecialiseerd_oncologisch_zorgprogramma_voor_borstkanker_satellietborstkliniek,associatie_samenwerking_m_b_t_zorgprogramma_oncologie_en_borstkliniek,zorgprogramma_voor_pediatrische_hemato_oncologie,zorgprogramma_voor_kinderen,zorgprogramma_voor_de_geriatrische_patient,x82,x83,x84,x85,associatie_zorgprogramma_geriatrische_patient,ziekenhuisapotheek,geneesmiddelendepot,associatie_functie_ziekenhuisapotheek,intensieve_zorg,lokale_donorcoordinatie,ziekenhuisbloedbank,lokale_neonatale_zorgen_n,regionale_perinatale_zorg_p,pediatrische_liaison,eerste_opvang_van_spoedgevallen,gespecialiseerde_spoedgevallenzorg,mug,associatie_m_b_t_mug,palliatieve_zorg,chirurgische_daghospitalisatie,niet_chirurgische_daghospitalisatie,zeldzame_ziekten,expertisecentrum_voor_comapatienten,ombudsdienst,administratieve_aanpassing_fod,volledig_adres,lat,long
004,2950,CENTRE HOSPITALIER REINE ASTRID,NA,RUE DEVANT LES RELIGIEUSES 2,4960,MALMEDY,080/79.31.11,www.chram.be,DUBOIS STEPHAN,DR. VROONEN PHILIPPE,LEMAIRE JUDITH,W,F,Liège,CH Reine Astrid Malmedy - CHR Verviers East Belgium,NA,ELIPSE Réseau Hospitalier Universitaire,hôpital général,Public,NA,NA,NA,NA,58,6,33,15,24,NA,NA,NA,NA,NA,15,NA,NA,NA,NA,NA,NA,NA,NA,NA,NA,NA,NA,NA,151,NA,Les services pédiatrie (E) et maternité (M) être exploités en association avec Hôpital de la Citadelle à Liège (A/412),X,"X (1) Temporairement situé au CHU de Liège, site Notre-Dame des Bruyéres à Chenée A/707",NA,NA,NA,Association avec CHU de Liège (A/707),NA,NA,X,NA,NA,NA,NA,X,NA,NA,NA,NA,NA,NA,NA,NA,X,NA,NA,NA,NA,NA,X (Association avec Hôpital de la Citadelle à Liège A/412),X,NA,NA,NA,NA,NA,X,NA,NA,X,X,X,X (Association avec Hôpital de la Citadelle à Liège A/412),NA,NA,NA,X,NA,NA,X,NA,NA,NA,NA,X,NA,"RUE DEVANT LES RELIGIEUSES 2, 4960, MALMEDY",50.42627875,6.023739447931034
006,3300,CHR SAMBRE & MEUSE,MEUSE,AVENUE ALBERT 1IER 185,5000,NAMUR,081/72.61.11,www.chrsm.be,DRUART QUENTIN,DR. ALLIAUME BERNARD,DEL ZOTTO CAROLINE,W,F,Namur,Groupement Hospitalier du CHRSM,NA,Réseau Hospitalier Namurois (R.H.N.),hôpital général,Public,30,NA,NA,NA,96,24,96,20,60,NA,NA,NA,NA,NA,32,15,NA,24,NA,NA,NA,NA,NA,NA,NA,NA,NA,NA,397,NA,NA,X,X (1),X (1),NA,X,Association avec CHU de Liège (A/707),NA,NA,X,X,NA,NA,X,X,NA,"Le programme de soins B3 en association avec Clinique St. Luc, Bouge (A/706)",NA,NA,NA,NA,X,NA,NA,X,NA,X,Collaboration avec CHU - UCL Namur - Ste. Elisabeth Namur (A/166),NA,X,X,NA,NA,NA,NA,NA,X,NA,NA,X,X,X,X,X,NA,NA,X,X,NA,X,X,NA,NA,NA,NA,NA,"AVENUE ALBERT 1 185, 5000, NAMUR",50.46690000858728,4.882646742825049
007,2790,CHR HAUTE SENNE,LE TILLERIAU,CHAUSSEE DE BRAINE 49,7060,SOIGNIES,067/34.84.11,www.chrhautesenne.be,TROTTI THERESE,DR. PAYEN BRICE,SERVOTTE NATHALIE,W,F,Hainaut,NA,NA,Réseau PHARE,hôpital général,Public,NA,NA,NA,NA,50,10,59,15,48,NA,NA,NA,NA,NA,18,NA,NA,NA,NA,NA,NA,NA,NA,NA,NA,NA,NA,NA,200,246,NA,X,X (1),NA,NA,NA,NA,NA,NA,X,NA,X,NA,NA,X,NA,Le programme de soins B1-B2 en association avec Hôpital Erasme Bruxelles (A/406) et CHU Tivoli La Louvière (A/096),NA,NA,NA,NA,NA,NA,X,NA,NA,X,NA,NA,X,X,NA,NA,NA,NA,NA,X,NA,NA,X,NA,X,X,NA,NA,NA,X,X,NA,X,X,X,NA,NA,NA,NA,"CHAUSSEE DE BRAINE 49, 7060, SOIGNIES",50.5813886,4.080550959364299
009,6230,"ZAS MIDDELHEIM, CADIX, PALFIJN, HOGE BEUKEN, JOOSTENS",ZAS CADIX,KEMPENSTRAAT 100,2030,ANTWERPEN,03/217.71.11,www.zas.be,DIJKHOFFZ WILLEKE,DR. BERVOETS KATRIEN,VAN DE WAETER WIM,V,N,Antwerpen,Ziekenhuis aan de Stroom (ZAS),NA,Netwerk ZAS,algemeen ziekenhuis met universitair karakter,Privaat,60,NA,NA,NA,90,NA,104,NA,76,NA,NA,NA,NA,NA,NA,NA,NA,25,NA,NA,NA,NA,NA,NA,NA,NA,NA,NA,355,1888,NA,X,X (1),NA,NA,X,NA,NA,X,X,NA,NA,NA,NA,X,NA,NA,NA,NA,NA,NA,NA,NA,NA,X,NA,NA,NA,NA,NA,X,X,X,NA,NA,NA,X,NA,NA,X,X,X,NA,NA,NA,NA,X,X,"Alternerende werking met ZAS, Campus Vincentius Antwerpen (E. 099) en AZ Monica, Campus Deurne (E. 682)",X,X,X,NA,NA,NA,NA,"KEMPENSTRAAT 100, 2030, ANTWERPEN",51.2313808,4.415760569259355
009,2000,"ZAS MIDDELHEIM, CADIX, PALFIJN, HOGE BEUKEN, JOOSTENS",ZAS MIDDELHEIM/PAOLA/UKJA,LINDENDREEF 1,2020,ANTWERPEN,03/280.31.11,NA,NA,NA,NA,V,NA,Antwerpen,NA,NA,NA,NA,NA,NA,NA,NA,NA,170,NA,208,75,72,NA,61,37,NA,NA,36,15,NA,26,NA,NA,NA,NA,NA,NA,NA,NA,NA,NA,700,NA,NA,X,X (1),NA,NA,X,NA,NA,NA,X,X,NA,NA,X,X,NA,NA,NA,NA,NA,NA,X,NA,NA,X,X,NA,NA,NA,X,X,X,X,NA,NA,NA,NA,NA,NA,X,X,X,X,X,NA,NA,X,X,"Alternerende werking met ZAS, Campus Augustinus Wilrijk (E. 099)",NA,X,X,NA,NA,NA,NA,"LINDENDREEF 1, 2020, ANTWERPEN",51.1821224,4.421701298802768
009,3360,"ZAS MIDDELHEIM, CADIX, PALFIJN, HOGE BEUKEN, JOOSTENS",ZAS PALFIJN,LANGE BREMSTRAAT 70,2170,MERKSEM,03/640.21.11,NA,NA,NA,NA,V,NA,Antwerpen,NA,NA,NA,NA,NA,NA,NA,NA,NA,120,NA,90,22,72,NA,NA,NA,NA,NA,24,NA,NA,NA,NA,NA,NA,24,NA,NA,NA,NA,NA,NA,352,NA,NA,X,X (1),X (1) (Associatie DA VINCI PET/CT-Centrum Antwerpen),X (Iridium netwerk Antwerpen),NA,NA,NA,NA,X,NA,NA,NA,NA,X,NA,NA,NA,NA,NA,NA,NA,NA,NA,X,NA,X,NA,NA,X,X,X,X,NA,NA,NA,NA,NA,NA,X,X,X,X,NA,NA,NA,X,X,Alternerende werking met AZ Klina Brasschaat (E. 710),NA,X,X,NA,NA,NA,NA,"LANGE BREMSTRAAT 70, 2170, MERKSEM",51.25914925,4.451593483053566
010,3170,GRAND HOPITAL DE CHARLEROI,SAINT-JOSEPH,RUE MARGUERITE DEPASSE 6,6060,GILLY,071/10.21.11,www.ghdc.be,SAELENS GAUTHIER,DR. VENTURA MANFREDI,MORMIN GUILENE,W,F,Hainaut,NA,NA,Réseau Hospitalier de Charleroi Métropole (RHCM),hôpital général,Privé,NA,NA,NA,NA,70,21,206,NA,NA,NA,NA,NA,NA,NA,NA,NA,NA,NA,NA,NA,NA,NA,NA,NA,NA,NA,NA,NA,297,1118,NA,X,X (1),NA,X,X,Association avec Cliniques Universitaires Saint-Luc à Bruxelles (A/403) et Hôpital Erasme à Bruxelles (A/406),NA,NA,X,X,NA,NA,X,X,NA,NA,NA,NA,NA,NA,NA,NA,X,NA,X,NA,Convention d'association entre Grand Hôpital de Charleroi et Cliniques Universitaires St. Luc à Bruxelles (A/403),NA,NA,NA,NA,NA,NA,NA,NA,X,NA,NA,X,X,X,NA,NA,NA,NA,X,NA,NA,X,X,X,X (Cette fonction est exploitée en collaboration avec l'Institut de Pathologie et de Génétique à Gosselies),NA,NA,NA,"RUE MARGUERITE DEPASSE 6, 6060, GILLY",50.41805894743523,4.481990518312833
010,3100,GRAND HOPITAL DE CHARLEROI,NOTRE-DAME,GRAND'RUE 3,6000,CHARLEROI,071/10.21.11,NA,NA,NA,NA,W,NA,Hainaut,NA,NA,NA,NA,NA,30,NA,NA,NA,156,27,93,39,NA,NA,NA,NA,NA,NA,69,18,NA,NA,NA,NA,NA,NA,NA,NA,NA,NA,NA,NA,432,NA,NA,X,X (2),"X (1) Association avec Clinique Notre-Dame de Grâce Gosselies (A/409) et CHU Charleroi - Hôpital Civil Marie Curie (A/718). Cet appareil est exploité dans le Centre Lucien Raynal, Chaussée Imperiale 93, 6060 Gilly",NA,NA,NA,NA,NA,X,NA,NA,NA,NA,X,NA,NA,NA,NA,NA,NA,X,NA,NA,X,X,NA,NA,NA,X,NA,NA,NA,NA,NA,NA,X,NA,NA,X,X,X,X,X,NA,NA,X,X,NA,X,X,X,NA,NA,NA,NA,"GRAND'RUE 3, 6000, CHARLEROI",50.41751355,4.453742094665565
010,3180,GRAND HOPITAL DE CHARLEROI,IMTR,RUE DE VILLERS 1,6280,LOVERVAL,071/10.21.11,NA,NA,NA,NA,W,NA,Hainaut,NA,NA,NA,NA,NA,NA,NA,NA,NA,79,NA,3,NA,30,NA,NA,NA,NA,NA,NA,NA,NA,50,NA,12,NA,NA,NA,NA,NA,NA,NA,NA,174,NA,NA,X,NA,NA,NA,NA,NA,NA,X,NA,NA,NA,NA,NA,NA,NA,NA,NA,NA,NA,NA,NA,NA,NA,NA,NA,NA,NA,NA,NA,X,NA,NA,NA,NA,NA,X,NA,NA,NA,NA,NA,NA,NA,NA,NA,X,NA,NA,X,X,NA,NA,NA,NA,NA,"RUE DE VILLERS 1, 6280, LOVERVAL",50.376421050000005,4.4852232008682735
012,3460,AZ SINT - BLASIUS,DENDERMONDE,KROONVELDLAAN 50,9200,DENDERMONDE,052/25.20.11,www.azsintblasius.be,PIETERS KAREN,DR. VAN DEN HAUWE KRISTOF,VAN PUYVELDE PETER,V,N,Oost-Vlaanderen,AZ St. Blasius - OLVrouw Ziekenhuis Aalst,NA,MIRA Vzw,algemeen ziekenhuis,Privaat,30,8,NA,NA,119,NA,100,26,81,NA,NA,NA,NA,NA,48,NA,NA,20,NA,6,NA,NA,NA,NA,NA,NA,NA,NA,438,438,NA,X,X (1),"Associatie met ""PET Centrum Zuidoost-Vlaanderen"" (zie E. 126)",NA,X,NA,NA,NA,X,NA,NA,NA,NA,X,NA,NA,NA,NA,NA,NA,NA,NA,NA,X,X,NA,NA,NA,X,X,X,X,X,X,NA,X,"Geneesmiddelendepot gevestigd Moerstraat 48-50, 9031 Drongen",NA,X,X,X,X,NA,NA,NA,X,X,NA,X,X,X,NA,NA,NA,NA,"KROONVELDLAAN 50, 9200, DENDERMONDE",51.0264655,4.11381357616009
015,2850,ST.-NIKOLAUS HOSPITAL,NA,HUFENGASSE 4-8,4700,EUPEN,087/59.95.99,www.hospital-eupen.be,PIEDBOEUF SOPHIE,DR. VAN LEEMPUT TOM,CUPERS VERONIQUE,W,F,Lüttich,NA,NA,Réseau MOVE,allgemein krankenhaus,Privé,NA,NA,NA,NA,43,22,50,13,32,NA,NA,NA,NA,NA,12,NA,NA,NA,NA,NA,20,NA,NA,NA,NA,NA,NA,NA,192,NA,NA,X,X (1),NA,NA,X,Association avec CHU de Liège (A/707),NA,NA,X,NA,NA,NA,NA,X,NA,NA,X,NA,NA,NA,NA,NA,X,NA,NA,NA,NA,NA,X,X,NA,NA,NA,NA,NA,X,NA,NA,X,NA,X,X,NA,NA,NA,X,X,NA,X,X,NA,NA,NA,X,NA,"HUFENGASSE 4-8, 4700, EUPEN",50.628367850000004,6.029618692118345
017,1605,AZ MARIA MIDDELARES,AZ MARIA MIDDELARES,BUITENRING SINT-DENIJS 30,9000,GENT,09/246.46.46,www.mariamiddelares.be,MOUTON CHRISTOPHE,DR. GOETHALS RONNY,D'HAENENS MAAIKE,V,N,Oost-Vlaanderen,Az Maria Middelares Gent - Az Sint-Vincentius Deinze,NA,E17 Vzw,algemeen ziekenhuis,Privaat,30,10,NA,NA,212,NA,126,20,84,NA,NA,NA,NA,NA,30,NA,NA,30,NA,NA,NA,NA,NA,NA,NA,NA,NA,NA,542,542,NA,X,X (1),NA,NA,X,NA,NA,NA,X,X,NA,NA,X,X,NA,NA,NA,NA,NA,NA,NA,NA,NA,X,X,NA,NA,NA,X,X,X,X,X,X,Het zorgprogramma geriatrie en de G- bedden worden uitgebaat in associatie met Az Sint- Vincentius Deinze (E. 134),X,"Geneesmiddelendepot gevestigd Moerstraat 48-50, 9031 Drongen",NA,X,X,X,X,NA,NA,NA,X,NA,Associatie met Universitair Ziekenhuis Gent (E. 670),X,X,X,NA,NA,NA,NA,"BUITENRING SINT-DENIJS 30, 9000, GENT",51.03023120828962,3.6995281769028434
020,3010,CHR VERVIERS EAST BELGIUM,LA TOURELLE,RUE DU PARC 29,4800,VERVIERS,087/21.21.11,www.chrverviers.be,BONHOMME JEROME,DR. BROHON ERIC,LEFLOT RACHEL,W,F,Liège,CH Reine Astrid Malmedy - CHR Verviers East Belgium,NA,ELIPSE Réseau Hospitalier Universitaire,hôpital général,Public,NA,NA,NA,NA,94,42,113,30,72,NA,NA,NA,NA,NA,25,NA,NA,NA,NA,NA,NA,NA,NA,NA,NA,NA,NA,NA,376,436,NA,X,X (1),NA,X,X,Association avec CHU de Liège (A/707),NA,NA,X,NA,X,NA,X,X,NA,Le programme de soins B1-B2 en association avec CHU de Liège (A/707),NA,NA,NA,NA,NA,NA,NA,X,X,NA,NA,NA,X,X,NA,NA,NA,NA,NA,X,NA,NA,X,X,X,X,NA,NA,NA,X,X,NA,X,X,X,NA,NA,NA,NA,"RUE DU PARC 29, 4800, VERVIERS",50.5822111,5.859296021079825
023,2860,CLINIQUE ANDRE RENARD,NA,RUE ANDRE RENARD 1,4040,HERSTAL,04/248.72.11,www.cliniqueandrerenard.be,MARTIN JEAN-LUC,DR. LAMBERT NATHALIE,MEGIDO MONIQUE,W,F,Liège,NA,NA,ELIPSE Réseau Hospitalier Universitaire,hôpital général,Privé,NA,NA,NA,NA,41,28,43,NA,48,NA,NA,NA,NA,NA,NA,NA,NA,NA,NA,NA,NA,NA,NA,NA,NA,NA,NA,NA,160,NA,NA,X,X (1),NA,NA,NA,Association avec CHU de Liège (A/707),NA,NA,X,NA,NA,NA,NA,X,NA,NA,NA,NA,NA,NA,NA,NA,X,NA,NA,NA,NA,NA,NA,X,NA,NA,NA,NA,NA,X,NA,NA,X,X,NA,NA,NA,NA,NA,X,NA,NA,X,X,X,NA,NA,X,NA,"RUE ANDRE RENARD 1, 4040, HERSTAL",50.674787050000006,5.633413973287242
026,6170,AZ SINT - MAARTEN,NA,LIERSESTEENWEG 435,2800,MECHELEN,015/89.10.10,www.azsintmaarten.be,DR. JESPERS BIRGER,DR. DE PRAETER GUNTHER,NIEULANDT PATRICK,V,N,Antwerpen,NA,NA,BRIANT Vzw,algemeen ziekenhuis,Privaat,60,35,NA,NA,131,NA,131,19,132,NA,NA,20,NA,NA,45,NA,20,44,NA,6,NA,NA,NA,NA,NA,NA,NA,NA,643,NA,NA,X,X (1),Associatie met PET-CT Centrum Vesalius Bonheiden (zie E. 689),X,NA,NA,NA,NA,X,NA,X,NA,NA,X,NA,Het zorgprogramma B1-B2 wordt uitgebaat in associatie met Imeldaziekenhuis Bonheiden (E. 689),NA,NA,NA,NA,NA,NA,NA,X,X,NA,NA,NA,X,X,X,X,X,X,NA,X,NA,Associatie met UPC Duffel (E. 970),X,X,X,X,NA,NA,NA,X,X,NA,X,X,X,NA,NA,NA,NA,"LIERSESTEENWEG 435, 2800, MECHELEN",51.05145589999999,4.475731222583679
032,1845,AZ ALMA,NA,RINGLAAN 15,9900,EEKLO,09/310.00.00,www.azalma.be,MAERTENS RUDY,DR. MEIRE DANNY,DEFLOOR FRITZ,V,N,Oost-Vlaanderen,NA,NA,KOM Netwerk Vzw,algemeen ziekenhuis,Privaat,30,5,NA,NA,96,NA,100,23,100,NA,NA,12,NA,NA,20,NA,NA,20,25,NA,NA,NA,NA,NA,NA,NA,NA,NA,431,NA,"De 12 k(d)- plaatsen worden uitgebaat in functie van de associatie Kinder- & jeugdpsychiatrie regio Gent, Meetjesland en Zuid-Oost Vlaanderen.",X,X (1),Associatie met PET-CT Centrum zorgregio Gent/Eeklo/Deinze (zie E. 290),NA,NA,NA,NA,NA,X,NA,NA,NA,NA,X,NA,NA,NA,NA,NA,NA,NA,NA,NA,X,NA,X,NA,NA,X,X,X,X,X,X,NA,X,NA,NA,X,X,X,X,NA,NA,NA,X,X,NA,X,X,X,NA,NA,NA,NA,"RINGLAAN 15, 9900, EEKLO",51.1915231,3.5337682
039,3280,CHU-UCL NAMUR,GODINNE,AVENUE DR. G.THERASSE 1,5530,MONT-GODINNE,081/42.21.11,www.chuuclnamur.be,GIUNTA SANDRA,DR. RONDELET BENOIT,VASTRADE CHRISTELLE,W,F,Namur,Groupement CHU-UCL Namur,NA,Réseau Hospitalier Namurois (R.H.N.),hôpital général à caractère universitaire,Privé,30,NA,NA,NA,147,28,137,NA,24,NA,NA,NA,NA,NA,NA,NA,NA,20,NA,NA,NA,NA,NA,NA,NA,NA,NA,NA,386,NA,NA,X,X (1),X (1),NA,NA,Association avec Cliniques Universitaires Saint-Luc Bruxelles (A/403),NA,NA,X,X,NA,NA,X,X,NA,NA,NA,X,NA,X,NA,NA,NA,X,NA,X,Collaboration avec CHU-UCL Namur - Ste. Elisabeth Namur (A/166),NA,Association avec CHU-UCL Namur - Site Ste. Elisabeth Namur A/166,X,NA,NA,NA,NA,NA,X,NA,NA,X,X,X,NA,NA,NA,NA,X,X,NA,X,X,X,NA,NA,X,NA,"GASTON THERASSE 1, 5530 MONT-GODINNE",50.3584635,4.882417624362455
042,2990,CENTRE HOSPITALIER BOIS DE L'ABBAYE,SERAING,RUE LAPLACE 40,4100,SERAING,04/338.70.00,www.chba.be,DE SIMONE STEPHANIE,DR. GEURDE BERNARD,DEMONTY ANNE-CATHERINE,W,F,Liège,NA,NA,ELIPSE Réseau Hospitalier Universitaire,hôpital général à caractère universitaire,Public,NA,NA,NA,NA,100,12,92,15,58,NA,NA,NA,NA,NA,24,NA,20,NA,NA,NA,NA,NA,NA,NA,NA,NA,NA,NA,321,427,NA,X,X (1),NA,NA,X,Association avec CHU de Liège (A/707),NA,NA,X,NA,NA,NA,NA,X,NA,NA,NA,NA,NA,NA,NA,NA,NA,X,NA,X,Collaboration avec CHU de Liège (A/707),NA,X,X,NA,NA,NA,NA,NA,X,NA,NA,X,X,X,X,NA,NA,NA,X,X,"Exploité en alternance avec Groupe Santé CHC, Site Clinique CHC Montlégia Liège (A/152)",X,X,X,NA,NA,X,NA,"RUE LAPLACE 40, 4100, SERAING",50.5813787,5.493559283995575
042,3000,CENTRE HOSPITALIER BOIS DE L'ABBAYE,WAREMME,AVENUE DE LA RESISTANCE 2,4300,WAREMME,019/33.80.00,NA,NA,NA,NA,W,NA,Liège,NA,NA,NA,NA,NA,NA,NA,NA,NA,NA,30,NA,NA,45,NA,NA,NA,NA,NA,NA,NA,NA,25,NA,6,NA,NA,NA,NA,NA,NA,NA,NA,106,NA,NA,X,NA,NA,NA,X,NA,NA,NA,X,NA,NA,NA,NA,X,NA,NA,NA,NA,NA,NA,NA,NA,X,NA,NA,NA,NA,NA,NA,X,NA,NA,NA,NA,NA,X,NA,NA,NA,NA,NA,NA,NA,NA,NA,X,X,Exploité en alternance avec Groupe Santé CHC - Site Clinique CHC Waremme (A/152),X,X,X,NA,NA,X,NA,"AVENUE DE LA RESISTANCE 2, 4300, WAREMME",50.6918957,5.249005619300613
043,1730,CLINIQUE SAINT PIERRE,NA,AVENUE REINE FABIOLA 9,1340,OTTIGNIES,010/43.72.11,www.cspo.be,DR. PIERRE PHILIPPE,DR. PIERRE PHILIPPE,SERONT MYRIAM,W,F,Brabant Wallon,NA,NA,Réseau Hospitalier clinique locorégional H.Uni,hôpital général,Privé,30,NA,NA,NA,126,15,149,26,49,NA,NA,NA,NA,NA,24,NA,NA,NA,NA,6,NA,NA,NA,NA,NA,NA,NA,NA,425,NA,NA,X,X (1),NA,NA,X,Association avec Cliniques Universitaires Saint-Luc Bruxelles (A/403),NA,NA,X,NA,X,NA,X,X,NA,Le programme de soins B1-B2 en association avec Cliniques Universitaires Saint-Luc Bruxelles (A/403),NA,NA,NA,X,NA,NA,NA,X,X,NA,NA,NA,X,X,NA,NA,NA,NA,NA,X,NA,NA,X,X,X,X,NA,NA,NA,X,X,NA,X,X,X,NA,NA,NA,NA,"AVENUE REINE FABIOLA 9, 1340, OTTIGNIES",50.667537949999996,4.560295754497231
049,1010,AZ SINT-JAN,SINT-JAN,RUDDERSHOVE 10,8000,BRUGGE,050/45.21.11,www.azsintjan.be,DR. RIGAUTS HANS,DR. MARCELIS LUDO,DEPRETER EVELINE,V,N,West-Vlaanderen,NA,NA,KOM Netwerk Vzw,algemeen ziekenhuis met universitair karakter,Openbaar,50,18,NA,NA,214,NA,225,33,144,NA,NA,NA,NA,NA,38,15,NA,NA,40,NA,NA,NA,NA,NA,NA,NA,NA,NA,777,886,NA,X,X (2),X (1) (Associatie AZ Sint-Jan Brugge - AZ Delta Roeselare - AZ Groeninge Kortrijk),X,X,NA,NA,NA,X,X,NA,NA,X,X,NA,NA,NA,NA,NA,NA,X,NA,NA,X,X,NA,NA,NA,X,X,X,X,X,X,NA,X,NA,NA,X,X,X,X,X,NA,NA,X,X,NA,X,X,X,NA,NA,NA,NA,"RUDDERSHOVE 10, 8000, BRUGGE",51.2206641,3.1932500438585434
057,2700,JAN YPERMAN ZIEKENHUIS,IEPER,BRIEKESTRAAT 12,8900,IEPER,057/35.35.35,www.yperman.net,CHANTERIE FREDERIK,DR. FEYS HANS,DELPORTE EDDY,V,N,West-Vlaanderen,Jan Yperman Ziekenhuis Ieper - AZ West Veurne,NA,TRIaz Vzw,algemeen ziekenhuis,Privaat,30,NA,NA,NA,114,NA,130,25,106,NA,NA,12,NA,NA,33,NA,NA,46,NA,6,NA,30,NA,NA,NA,NA,NA,NA,532,532,De 12 k(d)- plaatsen worden uitgebaat in associatie met Az Delta Roeselare (E. 117) en Kliniek St. Jozef Pittem (E. 901). De 12 k(d)- plaatsen zijn tijdelijk gelokaliseerd in het PZ H. Hart Ieper (E. 961),X,X (1),NA,NA,X,NA,NA,NA,X,NA,X,NA,NA,X,NA,Het zorgprogramma B1-B2 wordt uitgebaat in associatie met AZ Delta Roeselare (E.117),NA,NA,NA,NA,NA,NA,NA,X,X,NA,NA,NA,X,X,X,X,X,X,NA,X,NA,"Associatie met PZ Heilig Hart, Ieper (E. 961)",X,X,X,X,NA,NA,NA,X,X,NA,X,X,X,NA,NA,NA,NA,"BRIEKESTRAAT 12, 8900, IEPER",50.865092450000006,2.8976248501616118
063,2100,AZ TURNHOUT,SINT-JOZEF,STEENWEG OP MERKSPLAS 44,2300,TURNHOUT,014/40.60.11,www.azturnhout.be,DR. LEYSEN JO,DR. BECKERS GOEDELE,MARTENS DAISY,V,N,Antwerpen,AZ Turnhout - AZ Herentals,NA,KEMPEN Vzw,algemeen ziekenhuis,Privaat,38,7,NA,NA,53,NA,32,40,50,NA,NA,NA,NA,NA,65,NA,NA,20,NA,NA,NA,NA,NA,NA,NA,NA,NA,NA,305,647,NA,X,NA,NA,NA,X,NA,NA,NA,NA,NA,NA,NA,NA,X,NA,NA,NA,NA,NA,X,NA,NA,X,NA,NA,NA,NA,NA,X,X,X,NA,X,X,NA,X,"Vzw-Kwadraat, Tieblokkenlaan 4A, 2300 Turnhout maakt deel uit van de functie ziekenhuisapotheek",NA,NA,NA,X,X,NA,NA,NA,X,NA,NA,X,X,X,NA,NA,NA,NA,"STEENWEG OP MERKSPLAS 44, 2300, TURNHOUT",51.33489035,4.921437013701268
063,1280,AZ TURNHOUT,SINT-ELISABETH,RUBENSSTRAAT 166,2300,TURNHOUT,014/40.60.11,NA,NA,NA,NA,V,NA,Antwerpen,NA,NA,NA,NA,NA,NA,NA,NA,NA,76,NA,190,NA,48,NA,NA,NA,NA,NA,NA,NA,NA,NA,20,8,NA,NA,NA,NA,NA,NA,NA,NA,342,NA,NA,X,X (1) Associatie met Az Herentals E. 308,NA,X,NA,NA,NA,NA,X,NA,X,NA,NA,X,NA,Het zorgprogramma B1-B2 wordt uitgebaat in associatie met UZ leuven (E.322),NA,NA,NA,NA,NA,NA,NA,X,X,NA,NA,NA,NA,X,X,X,NA,NA,NA,NA,NA,NA,X,X,X,NA,NA,NA,NA,X,X,NA,NA,X,X,NA,NA,NA,NA,"RUBENSSTRAAT 166, 2300, TURNHOUT",51.313725,4.941307285430003
067,1930,AZ OOSTENDE - SERRUYS,SERRUYS,KAIROSTRAAT 84,8400,OOSTENDE,059/55.51.11,www.azoostende.be,DE BOCK BART,DR. GERNIERS SABINE,LUTS INGE,V,N,West-Vlaanderen,AZ Oostende Damiaan - Serruys,NA,KOM Netwerk Vzw,algemeen ziekenhuis,Privaat,30,10,NA,NA,67,NA,101,NA,60,NA,NA,NA,NA,NA,NA,NA,NA,NA,NA,NA,NA,NA,NA,NA,NA,NA,NA,NA,268,NA,NA,X,NA,NA,NA,NA,NA,NA,NA,X,NA,NA,NA,X,X,NA,Het zorgprogramma E wordt uitgebaat op associatieniveau met AZ Oostende Damiaan (E. 525),NA,NA,NA,NA,NA,NA,X,NA,NA,NA,NA,NA,NA,X,X,X,X,X,NA,X,NA,Associatie met AZ Oostende - Damiaan (E.525),X,X,X (Associatie met AZ Oostende - Damiaan E. 525),NA,NA,NA,NA,X,NA,NA,X,X,X,NA,NA,NA,NA,"KAIROSTRAAT 84, 8400, OOSTENDE",51.2229033,2.913780648875001
068,2870,CENTRE HOSPITALIER REGIONAL DE HUY,NA,RUE DES TROIS PONTS 2,4500,HUY,085/27.21.11,www.chrh.be,RONVEAUX JEAN-FRANCOIS,DR. LEVAUX CHRISTOPHE,JADOT VALERIE,W,F,Liège,NA,NA,ELIPSE Réseau Hospitalier Universitaire,hôpital général à caractère universitaire,Public,30,NA,NA,NA,77,20,97,26,45,NA,NA,NA,NA,NA,22,NA,NA,NA,NA,NA,NA,NA,NA,NA,NA,NA,NA,NA,317,NA,NA,X,X (1),NA,NA,X,Association avec CHU de Liège (A/707),NA,NA,X,NA,X,NA,X,X,NA,Le programme de soins B1-B2 en association avec CHU de Liège (A/707),NA,NA,NA,NA,NA,NA,NA,X,NA,X,NA,NA,X,X,NA,NA,NA,NA,NA,X,NA,NA,X,X,X,X,NA,NA,NA,X,X,NA,X,X,X,NA,NA,X,NA,"RUE DES TROIS PONTS 2, 4500, HUY",50.514286299999995,5.24023423299988
076,1520,CHU SAINT-PIERRE / UMC SINT-PIETER,PORTE DE HAL / HALLEPOORT,RUE AUX LAINES 105,1000,BRUXELLES,02/535.31.11,www.stpierre-bru.be,DR. DUSART MICHELLE (A.i.),DR. DUSART MICHELLE,LAMBEAU CARINE,B,F-N,Brussel-Bruxelles,NA,NA,Réseau Hospitalier CHORUS,a.z. met univ. karakter - hôpital général à caractère univ.,Openbaar - Public,30,NA,NA,10,89,NA,111,40,50,NA,NA,NA,NA,30,60,15,NA,NA,NA,6,NA,NA,NA,NA,NA,NA,NA,NA,441,592,NA,X,X (1),NA,NA,NA,Association avec Hôpital Erasme Bruxelles (A/406),NA,NA,X,X,NA,NA,X,X,NA,Le programme de soins B3 et E en association avec CHU Brugmann Bruxelles (A/077),X,NA,NA,NA,X,NA,NA,X,X,NA,NA,NA,X,NA,NA,NA,NA,NA,NA,X,NA,NA,X,X,X,X,X,NA,NA,X,X,NA,X,X,X,NA,NA,X,NA,"RUE AUX LAINES 105, 1000, BRUXELLES",50.8342232,4.3472462
077,1570,CHU/UVC- BRUGMANN,VICTOR HORTA,PLACE A. VAN GEHUCHTEN 4,1020,BRUXELLES (LAEKEN),02/477.21.11,www.chu-brugmann.be,FRANCKX CAROLINE,DR. BOU SLEIMAN WISSAM,DE VOS MARIE,B,F-N,Brussel-Bruxelles,NA,Groupement CHU Brugmann - HUDERF,Réseau Hospitalier CHORUS,a.z. met univ. karakter - hôpital général à caractère univ.,Openbaar - Public,123,45,NA,NA,44,NA,163,NA,72,NA,15,NA,NA,NA,52,NA,NA,NA,55,10,NA,NA,24,NA,NA,NA,NA,NA,603,849,NA,X,X (1),NA,NA,X,Association avec Hôpital Erasme Bruxelles (A/406),NA,NA,X,X,NA,NA,X,X,NA,Le programme de soins B3 et E en association avec CHU Saint-Pierre Bruxelles (A/076),X,NA,NA,NA,NA,NA,NA,X,X,NA,NA,NA,NA,X,NA,NA,NA,NA,NA,X (erkenning in het kader van de groepering UVC Brugmann - HUDERF / dans le cadre du groupement CHU Brugmann  - HUDERF),NA,NA,X,X,X,X,X (erkenning in het kader van de groepering UVC Brugmann - HUDERF / dans le cadre du groupement CHU Brugmann - HUDERF),NA,NA,X,NA,NA,X,X,X,NA,X (4 bedden - lits),X,NA,"ARTHUR VAN GEHUCHTENPLEIN 4, BRUXELLES (LAEKEN)",50.887497350000004,4.3317818524038465
077,1590,CHU/UVC- BRUGMANN,PAUL BRIEN,RUE DU FOYER SCHAERBEEKOIS 36,1030,BRUXELLES (SCHAERBEEK),02/477.21.11,NA,NA,NA,NA,B,NA,Brussel-Bruxelles,NA,NA,NA,NA,NA,NA,NA,NA,NA,40,34,16,NA,60,NA,NA,NA,NA,NA,NA,NA,NA,NA,NA,NA,NA,NA,NA,NA,NA,NA,NA,NA,150,NA,NA,X,NA,NA,NA,NA,NA,NA,NA,NA,NA,NA,NA,NA,NA,NA,NA,NA,NA,NA,NA,NA,NA,X,NA,NA,NA,NA,NA,NA,X,NA,NA,NA,NA,NA,NA,NA,NA,X,NA,NA,NA,NA,NA,NA,X,X,NA,NA,X,X,NA,NA,NA,NA,"RUE DU FOYER SCHAERBEEKOIS 36, 1030, BRUXELLES (SCHAERBEEK)",50.870316349999996,4.3862076830732715
079,6220,INSTITUT JULES BORDET,NA,RUE MEYLEMEERSCH 90,1070,BRUXELLES (ANDERLECHT),02/541.31.11,www.bordet.be,WITMEUR RENAUD,DR. SPILLEBOUDT CHLOE,VANBOSSUYT NADINE,B,F-N,Brussel-Bruxelles,Groupement HUB - Hôpital Universitaire de Bruxelles,NA,Réseau Hospitalier CHORUS,a.z. met univ. karakter - hôpital général à caractère univ.,Openbaar - Public,NA,NA,NA,NA,45,160,45,NA,NA,NA,NA,NA,NA,NA,NA,NA,NA,NA,NA,NA,NA,NA,NA,NA,NA,NA,NA,NA,250,NA,NA,X,X (2),X (1),X,NA,NA,NA,NA,NA,NA,NA,NA,NA,NA,NA,NA,NA,NA,NA,NA,NA,NA,NA,X,X,NA,NA,NA,NA,NA,NA,NA,NA,NA,NA,X,NA,NA,X,NA,NA,NA,NA,NA,X,NA,NA,NA,X,NA,X,NA,NA,X,NA,"RUE MEYLEMEERSCH 90, 1070, BRUXELLES (ANDERLECHT)",50.81236845,4.2625901379721025
087,1560,HOPITAUX IRIS SUD - IRIS ZIEKENHUIZEN ZUID,ETTERBEEK-IXELLES/ELSENE,RUE JEAN PAQUOT 63,1050,BRUXELLES (ELSENE),02/641.41.11,NA,NA,NA,NA,B,NA,Brussel-Bruxelles,NA,NA,NA,NA,NA,NA,NA,NA,NA,26,42,26,20,39,NA,NA,NA,NA,NA,32,NA,NA,NA,NA,NA,NA,NA,NA,NA,NA,NA,NA,NA,185,NA,NA,X,X (1),NA,NA,NA,NA,NA,NA,X,NA,NA,NA,NA,X,NA,NA,X,NA,NA,NA,NA,NA,NA,X,X,NA,NA,NA,X,NA,NA,NA,NA,NA,NA,NA,NA,NA,X,X,X,X,NA,NA,NA,X,X,Exploité en alternance avec Clinique St. Jean (A/110) et CHIREC - Delta (A/332),NA,X,X,NA,NA,X,NA,"RUE JEAN PAQUOT 63, 1050, BRUXELLES (ELSENE)",50.8250189,4.3788187
087,1550,HOPITAUX IRIS SUD - IRIS ZIEKENHUIZEN ZUID,MOLIERE LONGCHAMP,RUE MARCONI 142,1190,BRUXELLES (FOREST),02/348.51.11,NA,NA,NA,NA,B,NA,Brussel-Bruxelles,NA,NA,NA,NA,NA,30,NA,NA,NA,26,29,26,NA,30,NA,NA,NA,NA,NA,NA,NA,NA,24,24,6,NA,NA,NA,NA,NA,NA,NA,NA,195,NA,NA,X,NA,NA,NA,NA,Association avec Hôpital Erasme Bruxelles (A/406),NA,NA,X,NA,NA,NA,NA,X,NA,NA,NA,NA,NA,NA,NA,NA,X,NA,NA,NA,NA,NA,NA,NA,NA,NA,NA,NA,NA,NA,NA,NA,NA,NA,X,NA,NA,NA,NA,X,NA,NA,NA,NA,NA,NA,NA,X,NA,"RUE MARCONI 142, 1190, BRUXELLES (FOREST)",50.81647460000001,4.342532161523215
096,3220,CHU TIVOLI,NA,AVENUE MAX BUSET 34,7100,LA LOUVIERE,064/27.61.11,www.chu-tivoli.be,DR. SCILLIA PIETRO,DR. ROSSIGNOL ROXANE,HAPPART FRANCOISE,W,F,Hainaut,NA,NA,HELORA Réseau Hospitalier,hôpital général à caractère universitaire,Privé,45,NA,NA,NA,120,14,176,28,72,NA,NA,NA,NA,NA,28,15,NA,20,NA,NA,NA,NA,NA,NA,NA,NA,NA,NA,518,NA,NA,X,X (1),NA,X,X,NA,NA,NA,X,X,NA,NA,X,X,NA,Le programme de soins B3 en association avec Hôpital Erasme Bruxelles (A/406),NA,NA,NA,NA,NA,NA,NA,X,X,NA,NA,NA,X,X,NA,NA,NA,NA,NA,X,NA,NA,X,X,X,X,X,NA,NA,X,X,"Exploité en alternance avec CHU Helora, Site Jolimont, Haine-Saint-Paul (A/146)",X,X,X,NA,NA,NA,NA,"AVENUE MAX BUSET 34, 7100, LA LOUVIERE",50.477860899999996,4.207669706301063
097,1260,ALGEMEEN ZIEKENHUS HEILIG HART,NA,MECHELSESTRAAT 24,2500,LIER,03/491.23.45,www.heilighartlier.be,VANSTEENKISTE STEFAAN,DR. DEBEUF JOHAN,PELZER LIEVE,V,N,Antwerpen,NA,NA,BRIANT Vzw,algemeen ziekenhuis,Privaat,29,9,NA,NA,147,NA,88,25,81,NA,NA,NA,NA,NA,22,NA,NA,22,NA,6,22,NA,NA,NA,NA,NA,NA,NA,451,NA,NA,X,X (1),Associatie met PET-CT Centrum Vesalius Bonheiden (zie E. 689),NA,X,NA,NA,NA,X,NA,NA,NA,NA,X,NA,NA,NA,NA,NA,NA,NA,NA,NA,X,X,NA,NA,NA,X,X,X,X,X,X,NA,X,NA,NA,X,X,X,X,NA,NA,NA,X,X,NA,X,X,X,NA,NA,NA,NA,"MECHELSESTRAAT 24, 2500, LIER",51.1325726,4.564290145070499
099,1290,"ZAS AUGUSTINUS, VINCENTIUS, ST. JOZEF",ZAS AUGUSTINUS,OOSTERVELDLAAN 24,2610,WILRIJK,03/443.30.11,www.zas.be,DIJKHOFFZ WILLEKE,DR. DECKERS KRISTIAAN,LOMBAERTS LIESBET,V,N,Antwerpen,Ziekenhuis aan de Stroom (ZAS),NA,Netwerk ZAS,algemeen ziekenhuis met universitair karakter,Privaat,NA,NA,NA,NA,193,NA,210,24,68,NA,NA,NA,NA,NA,64,15,NA,NA,NA,NA,NA,NA,NA,NA,NA,NA,NA,NA,574,1012,NA,X,X (2),X (1) (Associatie DA VINCI PET/CT- Centrum Antwerpen),X  (Iridium netwerk Antwerpen),X,NA,NA,NA,X,NA,X,NA,NA,X,NA,Het zorgprogramma B1-B2 wordt uitgebaat in associatie met UZA Edegem (E.300),NA,NA,NA,X,NA,NA,NA,X,X,NA,NA,NA,X,X,X,X,X,X,NA,X,NA,NA,X,X,X,X,X,NA,NA,X,X,"Alternerende werking met het ZAS, Campus Middelheim/Paola/UKJA Antwerpen (E. 009)",NA,X,X,NA,NA,NA,NA,"OOSTERVELDLAAN 24, 2610, WILRIJK",51.17445605,4.418109530366705
099,2020,"ZAS AUGUSTINUS, VINCENTIUS, ST. JOZEF",ZAS VINCENTIUS,ST.-VINCENTIUSSTRAAT 20,2018,ANTWERPEN,03/285.20.00,NA,NA,NA,NA,V,NA,Antwerpen,NA,NA,NA,NA,NA,60,5,NA,NA,110,NA,69,20,48,NA,NA,NA,NA,NA,24,NA,NA,NA,NA,NA,NA,NA,NA,NA,NA,NA,NA,NA,336,NA,NA,X,X (1),NA,NA,NA,NA,NA,NA,X,NA,NA,NA,NA,X,NA,NA,NA,NA,NA,NA,NA,NA,NA,X,NA,NA,NA,NA,X,X,X,X,NA,NA,NA,NA,NA,NA,X,X,X,X,NA,NA,NA,X,X,"Alternerende werking met het ZAS, Campus Cadix Antwerpen (E. 009) en AZ Monica, Campus Deurne (E. 682)",NA,X,X,NA,NA,NA,NA,"ST.-VINCENTIUSSTRAAT 20, 2018, ANTWERPEN",51.20578655,4.4125131628702565
099,2030,"ZAS AUGUSTINUS, VINCENTIUS, ST. JOZEF",ZAS ST. JOZEF,MOLENSTRAAT 19,2640,MORTSEL,03/444.12.11,NA,NA,NA,NA,V,NA,Antwerpen,NA,NA,NA,NA,NA,NA,NA,NA,NA,NA,NA,NA,NA,48,NA,NA,NA,NA,NA,NA,NA,NA,20,NA,12,NA,22,NA,NA,NA,NA,NA,NA,102,NA,NA,X,NA,NA,NA,NA,NA,NA,NA,X,NA,NA,NA,NA,NA,NA,NA,NA,NA,NA,NA,NA,NA,X,NA,NA,NA,NA,NA,NA,X,X,X,NA,NA,NA,NA,NA,NA,NA,NA,X,NA,NA,NA,X,NA,NA,NA,X,X,X,NA,NA,NA,NA,"MOLENSTRAAT 19, 2640, MORTSEL",51.164583300000004,4.460771664006828
102,2080,HEILIG HART ZIEKENHUIS,NA,GASTHUISSTRAAT 1,2400,MOL,014/71.20.00,www.azmol.be,DR. JACOBS IVO,DR. NAERT MARC,JANS ANITA,V,N,Antwerpen,Heilig Hart Ziekenhuis Mol - Ziekenhuis Geel,NA,KEMPEN Vzw,algemeen ziekenhuis,Privaat,NA,NA,NA,NA,55,NA,59,16,38,NA,NA,NA,NA,NA,15,NA,NA,NA,NA,NA,NA,NA,NA,NA,NA,NA,NA,NA,183,NA,Associatie m.b.t. de gezamelijke exploitatie van 30 S2- bedden met Ziekenhuis Geel (de bedden zijn gelokaliseerd in Ziekenhuis Geel E. 709),X,X (1),NA,NA,NA,NA,NA,NA,X,NA,NA,NA,NA,X,NA,"Associatie met UZA, Edegem (E.300) voor het zorgprogramma B3, met ZAS Augustinus (E.099) & AZ Monica Deurne (E.682) voor het zorgprogramma B1-B2",NA,NA,NA,NA,NA,NA,X,NA,Associatie met Ziekenhuis Geel (E. 709),NA,NA,NA,X,X,X,X,X,X,NA,X,NA,NA,X,X,X,X,NA,NA,NA,X,NA,NA,X,X,X,NA,NA,NA,NA,"GASTHUISSTRAAT 1, 2400, MOL",51.1874707,5.113866178313511
103,3310,CHR SAMBRE & MEUSE,SAMBRE,RUE CHERE VOIE 75,5060,SAMBREVILLE,071/26.52.11,www.chrsm.be,DRUART QUENTIN,DR. DJADOUN SABRINA,SAD GHISLAIN,W,F,Namur,Groupement Hospitalier du CHRSM,NA,Réseau Hospitalier Namurois (R.H.N.),hôpital général,Public,30,15,NA,NA,40,9,67,15,40,NA,NA,NA,NA,NA,15,NA,20,26,20,NA,NA,NA,NA,NA,NA,NA,NA,NA,297,303,NA,X,X (1) RMN mobile - Association Interhospitalière de la Région Namuroise (A/103-249-264),NA,NA,NA,Association avec Cliniques Universitaires Saint-Luc Bruxelles (A/403),NA,NA,X,NA,NA,NA,NA,X,NA,NA,NA,NA,NA,NA,NA,NA,X,NA,NA,NA,NA,NA,X,X,NA,NA,NA,NA,NA,X,NA,NA,X,NA,X,X,NA,NA,NA,X,X,NA,X,X,NA,NA,NA,X,NA,"RUE CHERE VOIE 75, 5060, SAMBREVILLE",50.435117399999996,4.62737631334468
104,1270,AZ RIVIERENLAND,RUMST,'S HERENBAAN 172,2840,RUMST,03/880.90.11,www.azrivierenland.be,VAN BREE BART,DR. CALLAERT MYRIAM,VAN GEEL CINDY,V,N,Antwerpen,NA,NA,HELIX Vzw,algemeen ziekenhuis,Privaat,NA,NA,NA,NA,70,NA,57,NA,60,NA,NA,NA,NA,NA,NA,NA,NA,NA,NA,NA,NA,NA,NA,NA,NA,NA,NA,NA,187,429,NA,X,X (1),Associatie met DA VINCI PET/CT- centrum Antwerpen - gelokaliseerd in ZAS (E.009 en E.099) - UZA (E.300),Associatie met Iridium netwerk Antwerpen,NA,NA,NA,NA,X,NA,NA,NA,NA,X,NA,NA,NA,NA,NA,NA,NA,NA,X,NA,NA,NA,NA,NA,NA,X,X,X,X,X,NA,X,NA,NA,X,NA,X,NA,NA,NA,NA,X,NA,NA,X,X,X,NA,NA,NA,NA,"'S HERENBAAN 172, 2840, RUMST",51.106359,4.371824493827345
104,2060,AZ RIVIERENLAND,BORNEM,KASTEELSTRAAT 23,2880,BORNEM,03/890.16.11,NA,NA,NA,NA,V,NA,Antwerpen,NA,NA,NA,NA,NA,30,NA,NA,NA,51,NA,55,NA,60,NA,NA,NA,NA,NA,26,NA,NA,20,NA,NA,NA,NA,NA,NA,NA,NA,NA,NA,242,NA,NA,X,NA,NA,NA,NA,NA,NA,NA,X,NA,NA,NA,NA,X,NA,NA,NA,NA,NA,NA,NA,NA,NA,X,NA,X,NA,NA,NA,X,X,NA,NA,NA,NA,NA,NA,NA,X,X,X,X,NA,NA,NA,X,NA,NA,NA,X,X,NA,NA,NA,NA,"KASTEELSTRAAT 23, 2880, BORNEM",51.09965215,4.231724589619666
106,1340,ALGEMEEN ZIEKENHUIS SINT-MARIA,NA,ZIEKENHUISLAAN 100,1500,HALLE,02/363.12.11,www.sintmaria.be,VAN DEN HOUTEN HILDE (Ad Interim),DR. COSTA OLIVIER,DEBACKER TIM,V,N,Vlaams-Brabant,NA,NA,CUROZ Vzw,algemeen ziekenhuis,Privaat,30,6,NA,NA,70,NA,74,15,50,NA,NA,NA,NA,NA,20,NA,30,29,NA,6,NA,20,NA,NA,NA,NA,NA,NA,350,NA,NA,X,X (1),NA,NA,NA,NA,NA,NA,X,NA,NA,NA,NA,X,NA,NA,NA,NA,NA,NA,NA,NA,X,NA,NA,NA,NA,NA,X,X,X,X,X,X,NA,X,NA,NA,X,X,X,X,NA,NA,NA,X,X,NA,X,X,X,NA,NA,NA,NA,"ZIEKENHUISLAAN 100, 1500, HALLE",50.7364274,4.225809845428915
108,1360,REGIONAAL ZIEKENHUIS HEILIG HART,NA,NAAMSESTRAAT 105,3000,LEUVEN,016/20.92.11,www.hhleuven.be,VAN GERVEN KATRIEN,DR. VERELST SANDRA,AMPE JAN,V,N,Vlaams-Brabant,NA,NA,PLEXUS Vzw,algemeen ziekenhuis,Privaat,NA,NA,NA,NA,69,NA,67,15,72,NA,NA,NA,NA,NA,38,NA,NA,NA,20,6,NA,NA,NA,NA,NA,NA,NA,NA,287,NA,NA,X,X (1),Associatie met PET-CT Centrum Vesalius Bonheiden (zie E. 689),NA,NA,NA,NA,NA,X,NA,NA,NA,NA,X,NA,NA,NA,NA,NA,NA,X,NA,X,NA,NA,NA,NA,NA,X,X,X,X,X,X,NA,X,NA,NA,X,NA,X,X,NA,NA,NA,X,NA,NA,X,X,X,NA,NA,NA,NA,"NAAMSESTRAAT 105, 3000, LEUVEN",50.8723922,4.700893997162625
109,1370,RZ TIENEN,MARIENDAL,KLINIEKSTRAAT 45,3300,TIENEN,016/80.90.11,www.rztienen.be,PEETERS GERT,DR. VANDER VELPEN GRIET,LEFEVRE MICHELINE,V,N,Vlaams-Brabant,NA,NA,PLEXUS Vzw,algemeen ziekenhuis,Privaat,NA,NA,NA,NA,73,NA,74,15,22,NA,NA,NA,NA,NA,17,NA,NA,NA,NA,NA,NA,NA,NA,NA,NA,NA,NA,NA,201,288,NA,X,X (1),Associatie met PET-CT Centrum Vesalius Bonheiden (zie E. 689),NA,NA,NA,NA,NA,X,NA,NA,NA,NA,X,NA,NA,NA,NA,NA,NA,NA,NA,NA,X,NA,X,NA,NA,X,X,X,NA,X,X,NA,X,NA,NA,X,X,X,X,NA,NA,NA,X,X,NA,X,X,X,NA,NA,NA,NA,"KLINIEKSTRAAT 45, 3300, TIENEN",50.81088805,4.93348473336877
110,1310,KLINIEK SINT-JAN - CLINIQUE SAINT-JEAN,KRUIDTUIN / BOTANIQUE,KRUIDTUINLAAN 32,1000,BRUSSEL,02/221.91.11,www.klstjan.be,DESCHUYMERE ALEXANDER,PROF. DR. VANOVERSCHELDE JEAN-LOUIS,VANDE GUCHT VERONIQUE,B,N-F,Brussel-Bruxelles,NA,NA,Réseau Hospitalier clinique locorégional H.Uni,algemeen ziekenhuis - hôpital général,Privaat - Privé,56,NA,NA,NA,84,NA,94,15,106,NA,NA,NA,NA,NA,47,NA,NA,NA,NA,12,NA,NA,NA,NA,NA,NA,NA,NA,414,548,NA,X,X (1),X  (1) (Associatie Bruxelles Pet-Scan Brussel),X (Association avec Cliniques Universitaires St. Luc Bruxelles (A/403),X,Association avec Cliniques Universitaires Saint-Luc Bruxelles (A/403),NA,NA,X,X,NA,NA,X,X,NA,NA,NA,NA,NA,X,NA,NA,NA,X,X,NA,NA,NA,X,X,NA,X,NA,NA,NA,X,NA,NA,X,X,X,X,NA,NA,NA,X,X,Exploité en alternance avec Hôpitaux Iris-Sud (A/087 et CHIREC - Delta (A/332),X,X,X,NA,NA,X,NA,"KRUIDTUINLAAN 32, 1000, BRUSSEL",50.8544293,4.360516
111,1400,EUROPA ZIEKENHUIZEN - CLINIQUES DE L'EUROPE,ST- ELISABETH,DE FRELAAN 206,1180,BRUSSEL (UKKEL),02/614.20.00,www.cliniquesdeleurope.be; www.europaziekenhuizen.be,FONTAINE PETER,DR. SPENCER SEBASTIAN,MANGELSCHOTS LIEVEN,B,N-F,Brussel-Bruxelles,NA,NA,Réseau Hospitalier clinique locorégional H.Uni,algemeen ziekenhuis - hôpital général,Privaat - Privé,30,NA,NA,NA,NA,257,NA,15,60,NA,NA,NA,NA,NA,24,NA,NA,20,NA,12,NA,NA,NA,NA,NA,NA,NA,NA,418,709,NA,X,X (1),X  (1) (Associatie Bruxelles Pet-Scan Brussel),X,X,Association avec Cliniques Universitaires Saint-Luc Bruxelles (A/403),NA,NA,X,X,NA,NA,X,X,NA,Le programme de soins B3 en association avec Cliniques Universitaires Saint-Luc Bruxelles (A/403),X,NA,NA,NA,NA,NA,NA,X,X,NA,NA,NA,X,NA,NA,NA,NA,NA,NA,X,NA,NA,X,X,X,X,NA,NA,NA,X,X,NA,X,X,X,NA,NA,X,NA,"DE FRELAAN 206, 1180, BRUSSEL (UKKEL)",50.80535345,4.368767198694575
111,1420,EUROPA ZIEKENHUIZEN - CLINIQUES DE L'EUROPE,ST- MICHEL,RUE DE LINTHOUT 150,1040,BRUXELLES (ETTERBEEK),02/614.30.00,NA,NA,NA,NA,B,NA,Brussel-Bruxelles,NA,NA,NA,NA,NA,30,15,NA,NA,NA,134,NA,NA,60,NA,NA,NA,NA,NA,24,NA,NA,20,NA,8,NA,NA,NA,NA,NA,NA,NA,NA,291,NA,NA,X,X (1),NA,NA,X,NA,NA,NA,X,NA,NA,NA,NA,X,NA,NA,NA,NA,NA,NA,NA,NA,NA,X,NA,NA,NA,NA,NA,X,NA,X,X,X,NA,X,NA,NA,X,X,X,X,NA,NA,NA,X,NA,NA,X,X,X,NA,NA,X,NA,"RUE DE LINTHOUT 150, 1040, BRUXELLES (ETTERBEEK)",50.8428765,4.3993932115384595
117,6210,AZ DELTA,RUMBEKE,DELTALAAN 1,8800,ROESELARE,051/23.71.11,www.azdelta.be,HELLINGS JOHAN,DR. HARLET LUC,HEBBRECHT JAN,V,N,West-Vlaanderen,AZ Delta Roeselare - Sint-Andriesziekenhuis Tielt,NA,TRIaz Vzw,algemeen ziekenhuis,Privaat,20,NA,NA,NA,180,NA,262,43,120,NA,NA,20,NA,NA,46,NA,30,NA,NA,NA,NA,20,NA,NA,NA,NA,NA,NA,741,1358,"20 k(d)- plaatsen worden uitgebaat in associatie met Jan Yperman Ziekenhuis Ieper (E. 057) en Kliniek St. Jozef Pittem (E.901). 13k(d)- plaatsen zijn gelokaliseerd op de campus Rumbeke, de overige 7 plaatsen zijn tijdelijk gelokaliseerd in Kliniek St. Jozef Pittem.",X,X (2),Associatie met AZ Groeninge Kortrijk (E. 396) en AZ Sint-Jan Brugge (E. 049),X,X,NA,NA,NA,X,X,NA,NA,X,X,NA,NA,NA,NA,NA,X,NA,NA,NA,X,X,NA,NA,NA,X,X,X,X,X,X,NA,X,NA,NA,X,X,X,X,NA,NA,NA,X,X,NA,X,X,X,NA,NA,NA,NA,"DELTALAAN 1, 8800, ROESELARE",50.91825135,3.1682999909976592
117,1960,AZ DELTA,MENEN,OUDE LEIELAAN 6,8930,MENEN,056/52.21.11,NA,NA,NA,NA,V,NA,West-Vlaanderen,NA,NA,NA,NA,NA,NA,NA,NA,NA,35,NA,63,16,48,NA,NA,NA,NA,NA,13,NA,NA,20,NA,NA,NA,NA,NA,NA,NA,NA,NA,NA,195,NA,NA,X,NA,NA,NA,NA,NA,NA,NA,X,NA,NA,NA,NA,X,NA,NA,NA,NA,NA,NA,NA,NA,X,NA,NA,NA,NA,NA,X,X,X,X,NA,NA,NA,NA,NA,NA,X,NA,X,X,NA,NA,NA,X,X,NA,NA,NA,X,NA,NA,NA,NA,"OUDE LEIELAAN 6, 8930, MENEN",50.79291995,3.122410723232929
117,1970,AZ DELTA,TORHOUT,ST.-REMBERTLAAN 21,8820,TORHOUT,050/23.21.11,NA,NA,NA,NA,V,NA,West-Vlaanderen,NA,NA,NA,NA,NA,NA,NA,NA,NA,31,NA,56,15,58,NA,NA,NA,NA,NA,18,NA,NA,20,NA,NA,NA,NA,NA,NA,NA,NA,NA,NA,198,NA,NA,X,NA,NA,NA,NA,NA,NA,NA,X,NA,NA,NA,NA,X,NA,NA,NA,NA,NA,NA,NA,NA,X,NA,NA,NA,NA,NA,X,X,X,X,NA,NA,NA,NA,NA,NA,X,X,X,X,NA,NA,NA,X,X,NA,NA,X,X,NA,NA,NA,NA,"ST.-REMBERTLAAN 21, 8820, TORHOUT",51.07030985,3.095982290983283
124,1920,SINT- JOZEFSKLINIEK,NA,OMMEGANGSTRAAT 7,8870,IZEGEM,051/33.41.11,www.sint-jozefkliniek-izegem.be,CERIEZ BERNARD,DR. LUYCKX GEERT,LERVANT STEVE,V,N,West-Vlaanderen,Sint-Jozefskliniek Izegem - Az Groeninge Kortrijk,NA,E17 Vzw,algemeen ziekenhuis,Privaat,NA,NA,NA,NA,63,NA,93,20,54,NA,NA,NA,NA,NA,17,NA,24,NA,NA,NA,NA,NA,NA,NA,NA,NA,NA,NA,271,NA,NA,X,X (1),NA,NA,NA,NA,NA,NA,X,NA,NA,NA,NA,X,NA,NA,NA,NA,NA,NA,NA,NA,NA,X,NA,X,NA,NA,X,X,X,X,X,X,NA,X,NA,NA,X,X,X,X,NA,NA,NA,X,NA,NA,X,X,X,NA,NA,NA,NA,"OMMEGANGSTRAAT 7, 8870, IZEGEM",50.9171966,3.210441649142025
126,1780,ONZE-LIEVE-VROUW ZIEKENHUIS,OLV AALST,MOORSELBAAN 164,9300,AALST,053/72.41.11,www.olvz.be,VERHULST PETER,DR. GOUWY STEFAAN,VAN DE VELDE ANN,V,N,Oost-Vlaanderen,AZ St. Blasius - OLVrouw Ziekenhuis Aalst,NA,CUROZ Vzw,algemeen ziekenhuis,Privaat,30,6,NA,NA,232,NA,245,27,61,NA,NA,NA,NA,NA,21,NA,NA,NA,NA,NA,30,NA,NA,NA,NA,NA,NA,NA,652,844,NA,X,X (2),X (1) (PET- Centrum Zuidoost-Vlaanderen),X,X,NA,NA,NA,X,X,NA,NA,X,X,X,NA,NA,NA,NA,NA,NA,Associatie met AZ Jan Palfijn Gent (E. 713),NA,X,X,NA,NA,NA,X,X,X,X,X,X,NA,X,NA,NA,X,X,X,X,NA,NA,NA,X,X,"Alternerende werking met het A.S.Z - Autonome verzorgingsinstelling, Campus Aalst (E. 176)",X,X,X,NA,NA,NA,NA,"MOORSELBAAN 164, 9300, AALST",50.9438525,4.054090046824072
126,1300,ONZE-LIEVE-VROUW ZIEKENHUIS,OLV ASSE,BLOKLAAN 5,1730,ASSE,02/300.61.11,NA,NA,NA,NA,V,NA,Vlaams-Brabant,NA,NA,NA,NA,NA,30,5,NA,NA,47,NA,50,15,24,NA,NA,NA,NA,NA,15,NA,NA,NA,NA,6,NA,NA,NA,NA,NA,NA,NA,NA,192,NA,NA,X,NA,NA,NA,NA,NA,NA,NA,X,NA,NA,NA,NA,X,NA,NA,NA,NA,NA,NA,NA,NA,X,NA,NA,NA,NA,NA,X,X,X,X,NA,NA,NA,NA,NA,NA,NA,NA,X,X,NA,NA,NA,X,NA,NA,NA,X,X,NA,NA,NA,NA,"BLOKLAAN 5, 1730, ASSE",50.9096445,4.1956571
134,1830,AZ SINT - VINCENTIUS,NA,SCHUTTERIJSTRAAT 34,9800,DEINZE,09/387.71.11,www.azstvdeinze.be,MOUTON CHRISTOPHE,DR. GOETHALS RONNY,D'HAENENS MAAIKE,V,N,Oost-Vlaanderen,Az Sint-Vincentius Deinze - Az Maria Middelares Gent,NA,E17 Vzw,algemeen ziekenhuis,Privaat,NA,NA,NA,NA,34,NA,30,15,50,NA,NA,NA,NA,NA,16,NA,NA,20,NA,NA,NA,NA,NA,NA,NA,NA,NA,NA,165,NA,NA,X,X (1),Associatie met PET-CT Centrum zorgregio Gent/Eeklo/Deinze ( zie E. 290),NA,NA,NA,NA,NA,X,NA,NA,NA,NA,X,NA,NA,NA,NA,NA,NA,NA,NA,X,NA,NA,NA,NA,NA,X,X,X,X,X,X,Het zorgprogramma geriatrie en de G- bedden worden uitgebaat in associatie met Az Maria Middelares Gent (E.017),X,NA,NA,X,X,X,X,NA,NA,NA,X,NA,NA,X,X,X,NA,NA,NA,NA,"SCHUTTERIJSTRAAT 34, 9800, DEINZE",50.98642495,3.527572099276905
140,1000,AZ SINT - LUCAS,NA,SINT-LUCASLAAN 29,8310,BRUGGE,050/36.91.11,www.stlucas.be,DIERICKX NIKO,DR. DE MOOR STEFAN,VERMEIRE ANN,V,N,West-Vlaanderen,NA,NA,KOM Netwerk Vzw,algemeen ziekenhuis,Privaat,30,8,NA,NA,98,NA,93,24,72,NA,25,7,NA,NA,22,NA,NA,20,20,NA,NA,NA,NA,NA,NA,NA,NA,NA,419,NA,"Associatie mbt. de gezamelijke exploitatie van 9 bedden Sp- palliatieve zorgen met AZ Sint-Jan Brugge, de bedden zijn gelokaliseerd op Campus SFX, Spaanse Loskaai 1 te 8000 Brugge (E. 049)",X,X (1),NA,NA,X,NA,NA,NA,X,NA,NA,NA,NA,X,NA,NA,NA,NA,NA,NA,NA,Associatie met AZ Sint-Jan Brugge (E. 049),NA,X,X,NA,NA,NA,X,X,X,X,X,X,NA,X,NA,NA,X,X,X,X,Associatie met AZ Sint-Jan Brugge (E. 049),NA,NA,X,NA,NA,X,X,X,NA,NA,NA,NA,"SINT-LUCASLAAN 29, 8310, BRUGGE",51.1861841,3.2493923
143,4200,UNIVERSITAIR ZIEKENHUIS BRUSSEL,NA,LAARBEEKLAAN 101,1090,BRUSSEL (JETTE),02/477.41.11,www.uzbrussel.be,PROF. DR. NOPPEN MARC,DR. SCHOTS JAN,VERTESSEN VERA,B,N,Brussel-Bruxelles,NA,NA,CUROZ Vzw,universitair ziekenhuis - hôpital universitaire,Privaat - Privé,30,NA,NA,NA,268,36,203,57,29,NA,15,5,NA,NA,40,16,NA,22,NA,NA,NA,NA,NA,NA,NA,NA,NA,NA,721,NA,NA,X,X (3),X (1),X,X,X,X,NA,X,X,NA,NA,X,X,NA,Het zorgprogramma B3 wordt uitgebaat in associatie met A.S.Z. Autonome Verzorgingsinstelling Aalst,NA,NA,NA,NA,X,NA,NA,X,X,NA,NA,NA,X,X,X,X,X,X,NA,X,NA,NA,X,X,NA,X,X,X,NA,X,X,NA,X,X,X,X,NA,NA,NA,"LAARBEEKLAAN 101, 1090, BRUSSEL (JETTE)",50.8861241,4.3094423
146,3200,CHU HELORA - SITE JOLIMONT-LOBBES,JOLIMONT,RUE FERRER 159,7100,HAINE-SAINT-PAUL,064/23.30.11,www.jolimont.be,MERCIER STEPHAN,DR. WINANT CATHERINE,BOULANGER JEAN-MARIE,W,F,Hainaut,Groupement Jolimont,Groupement CHU HELORA,HELORA Réseau Hospitalier,hôpital général,Privé,30,NA,NA,NA,140,NA,168,24,84,NA,NA,NA,NA,NA,20,NA,NA,NA,NA,NA,40,NA,NA,NA,NA,NA,NA,NA,506,664,NA,X,X (2),X (1),X,X,Association avec Cliniques Universitaires Saint-Luc Bruxelles (A/403),NA,NA,X,X,NA,NA,X,X,NA,NA,NA,NA,NA,NA,NA,NA,NA,X,X,NA,NA,NA,X,X,NA,NA,NA,NA,NA,X,NA,NA,X,X,X,X,NA,NA,NA,X,X,Exploité en alternance avec CHU Tivoli La-Louvière (A/096),X,X,X,NA,NA,X,NA,"RUE FERRER 159, 7100, HAINE-SAINT-PAUL",50.477565850000005,4.215025717964124
146,3210,CHU HELORA - SITE JOLIMONT-LOBBES,LOBBES,RUE DE LA STATION 25,6540,LOBBES,071/59.92.11,NA,NA,NA,NA,W,NA,Hainaut,NA,NA,NA,NA,NA,NA,NA,NA,NA,49,NA,36,12,48,NA,NA,NA,NA,NA,13,NA,NA,NA,NA,NA,NA,NA,NA,NA,NA,NA,NA,NA,158,NA,NA,X,NA,NA,NA,NA,NA,NA,NA,X,NA,NA,NA,NA,X,NA,NA,NA,NA,NA,NA,NA,NA,NA,X,NA,NA,NA,NA,X,X,NA,NA,NA,NA,NA,X,NA,NA,X,NA,NA,X,NA,NA,NA,X,X,NA,X,X,X,NA,NA,X,NA,"RUE DE LA STATION 25, 6540, LOBBES",50.345939200000004,4.259726478848752
150,3440,HOPITAL UNIVERSITAIRE DES ENFANTS REINE FABIOLA (HUDERF),NA,AVENUE J.J. CROCQ 15,1020,BRUXELLES (LAEKEN),02/477.33.11,www.huderf.be,WITMEUR RENAUD,DR. BEGHIN JEAN-CHRISTOPHE,FOUBERT JAN,B,F-N,Brussel-Bruxelles,Groupement HUB - Hôpital Universitaire de Bruxelles,Groupement CHU Brugmann - HUDERF,Réseau Hospitalier CHORUS,algemeen ziekenhuis - hôpital général,Openbaar - Public,NA,NA,NA,NA,40,NA,NA,90,NA,NA,15,18,NA,NA,NA,20,NA,NA,NA,NA,NA,NA,NA,NA,NA,NA,NA,NA,183,NA,NA,X,X (1),NA,NA,Collaboration avec CHU/UVC Brugmann Bruxelles (A/077),Association avec Hôpital Erasme Bruxelles (A/406),NA,NA,NA,NA,NA,X,NA,NA,NA,Erkenning zorgprogramma C in het kader van de ziekenhuisgroepering met UVC Brugmann / programme de soins C dans le cadre du groupement avec CHU Brugmann,NA,NA,NA,NA,NA,NA,X,NA,NA,NA,NA,X,X,NA,NA,NA,NA,NA,NA,X (erkenning in het kader van de groepering met UVC Brugmann/ dans le cadre du groupement avec CHU Brugmann),NA,NA,X,X,NA,NA,(erkenning in het kader van de groepering met UVC Brugmann/ dans le cadre du groupement avec CHU Brugmann),X,NA,X,NA,NA,X,X,X,NA,NA,X,NA,"Jean Joseph Crocqlaan 15, 1020, BRUXELLES",50.8885403,4.3288842
152,6200,GROUPE SANTE CHC,CLINIQUE CHC MONTLEGIA,BOULEVARD DU PATIENCE ET BEAUJONC 2,4000,LIEGE,04/355.50.00,www.chc.be,JAVAUX ALAIN,DR. NEYBUCH YANNICK,HOSTE JEAN-PIERRE,W,F,Liège,Groupement Santé CHC,NA,Réseau MOVE,hôpital général,Privé,75,NA,NA,NA,108,146,97,67,78,NA,NA,NA,NA,NA,70,35,NA,20,NA,NA,NA,NA,NA,NA,NA,NA,NA,NA,696,781,NA,X,X(2),X(1),NA,NA,Association avec CHU de Liège (A/707),NA,NA,X,NA,X,NA,X,X,NA,Le programme de soins B1-B2 en association avec CHU de Liège (A/707),NA,X,NA,NA,X,NA,NA,X,X,NA,NA,NA,X,X,NA,NA,NA,NA,NA,X,NA,NA,X,X,X,X,X,X,NA,X,X,"Exploité en alternance avec Centre Hospitalier Bois de l'Abbaye, Site Seraing (A/042)",X,X,X,NA,NA,X,NA,"Boulevard Patience et Beaujonc 2, 4000 Luik",50.6481905,5.534753315227196
152,2930,GROUPE SANTE CHC,CLINIQUE CHC WAREMME,RUE EDMOND DE SELYS LONGCHAMPS 47,4300,WAREMME,019/33.94.11,NA,NA,NA,NA,W,NA,Liège,NA,NA,NA,NA,NA,NA,NA,NA,NA,NA,38,NA,NA,27,NA,NA,NA,NA,NA,NA,NA,NA,20,NA,NA,NA,NA,NA,NA,NA,NA,NA,NA,85,NA,NA,X,NA,NA,NA,NA,NA,NA,NA,NA,NA,NA,NA,NA,NA,NA,NA,NA,NA,NA,NA,NA,NA,X,NA,X,NA,NA,NA,NA,X,NA,NA,NA,NA,NA,X,NA,NA,NA,NA,NA,NA,NA,NA,NA,X,X,NA,X,X,X,NA,NA,X,NA,"RUE EDMOND DE SELYS LONGCHAMPS 47, 4300, WAREMME",50.691010649999996,5.243710785344453
158,2940,GROUPE SANTE CHC,CLINIQUE CHC HERMALLE,RUE BASSE HERMALLE 4,4681,HERMALLE-SOUS-ARGENTEAU,04/374.70.00,www.chc.be,JAVAUX ALAIN,DR. NEYBUCH YANNICK,HOSTE JEAN-PIERRE,W,F,Liège,Groupement Santé CHC,NA,Réseau MOVE,hôpital général,Privé,NA,NA,NA,NA,NA,54,NA,NA,30,NA,NA,NA,NA,NA,NA,NA,NA,20,NA,6,NA,NA,NA,NA,NA,NA,NA,NA,110,228,NA,X,NA,NA,NA,NA,Association avec CHU de Liège (A/707),NA,NA,X,NA,NA,NA,NA,NA,NA,NA,NA,NA,NA,NA,NA,NA,X,NA,NA,X,Collaboration avec Groupe Santé CHC - Clinique Montlégia Liège (A/152),NA,NA,X,NA,NA,NA,NA,NA,X,NA,NA,X,X,NA,NA,NA,NA,NA,X,NA,NA,X,X,X,NA,NA,NA,NA,"RUE BASSE HERMALLE 4, 4681, HERMALLE-SOUS-ARGENTEAU",50.73210415,5.6884179542642705
158,2970,GROUPE SANTE CHC,CLINIQUE CHC HEUSY,RUE DU NAIMEUX 17,4802,HEUSY,087/21.31.11,NA,NA,NA,NA,W,NA,Liège,NA,NA,NA,NA,NA,NA,NA,NA,NA,NA,74,NA,NA,24,NA,NA,NA,NA,NA,20,NA,NA,NA,NA,NA,NA,NA,NA,NA,NA,NA,NA,NA,118,NA,NA,X,X (1),NA,NA,NA,NA,NA,NA,X,NA,NA,NA,NA,X,NA,NA,NA,NA,NA,NA,NA,NA,X,NA,NA,X,Collaboration avec Groupe Santé CHC - Clinique Montlégia Liège (A/152),NA,NA,X,NA,NA,NA,NA,NA,X,NA,NA,X,NA,NA,X,NA,NA,X,NA,NA,NA,X,X,X,NA,NA,NA,NA,"RUE DU NAIMEUX 17, 4802, HEUSY",50.577751899999996,5.862620445238092
164,3230,VIVALIA,HOPITAL DE MARCHE,RUE DU VIVIER 21,6900,MARCHE-EN-FAMENNE,063/55.12.00,www.vivalia.be,MERTENS PASCAL,DR. DELEUSE PHILIPPE,MARTIN MICHEL,W,F,Luxembourg,Groupement Vivalia,NA,Réseau VIVALIA,hôpital général,Public,NA,NA,NA,NA,40,26,36,15,40,NA,NA,NA,NA,NA,23,NA,NA,20,NA,NA,NA,NA,NA,NA,NA,NA,NA,NA,200,NA,NA,X,X (1),NA,NA,X,Association avec CHU de Liège (A/707),NA,NA,X,NA,NA,NA,NA,X,NA,NA,NA,NA,NA,NA,NA,NA,NA,X,NA,NA,NA,NA,X,X,NA,NA,NA,NA,NA,X,NA,NA,X,X,X,X,NA,NA,NA,X,X,NA,X,X,X,NA,NA,NA,NA,"RUE DU VIVIER 21, 6900, MARCHE-EN-FAMENNE",50.22773275,5.323410348553815
166,3290,CHU-UCL NAMUR,SAINTE-ELISABETH,PLACE LOUISE GODIN 15,5000,NAMUR,081/72.04.11,www.chuuclnamur.be,GIUNTA SANDRA,DR. MUSCHART XAVIER,FYON CHRISTIAN (A.i.),W,F,Namur,Groupement CHU-UCL Namur,NA,Réseau Hospitalier Namurois (R.H.N.),hôpital général,Privé,NA,NA,NA,NA,125,15,69,20,24,NA,NA,NA,NA,NA,52,NA,NA,NA,NA,NA,NA,NA,NA,NA,NA,NA,NA,NA,305,315,NA,X,X (1),NA,X Association avec CH de Mouscron (A/247),X,Association avec Cliniques Universitaires Saint-Luc Bruxelles (A/403),NA,NA,X,NA,X,NA,X,X,NA,Le programme de soins B1-B2 en association avec CHU-UCL Namur - Site Godinne (A/039),NA,NA,NA,NA,NA,NA,NA,X,X,NA,NA,NA,X,X,NA,NA,NA,NA,NA,X,NA,NA,X,X,X,X,NA,NA,NA,X,NA,NA,X,X,X,NA,NA,X,2024-12-12T00:00:00Z,"PLACE LOUISE GODIN 15, 5000, NAMUR",50.460091250000005,4.843739737687914
168,3240,CENTRE HOSPITALIER CENTRE ARDENNE,HOPITAL DE LIBRAMONT,AVENUE DE HOUFFALIZE 35,6800,LIBRAMONT,063/55.13.00,www.vivalia.be,MERTENS PASCAL,DR. CLARINVAL OLIVIER,LEROY BENEDICTE,W,F,Luxembourg,Groupement Vivalia,NA,Réseau VIVALIA,hôpital général,Public,NA,NA,NA,NA,68,NA,58,15,60,NA,NA,NA,NA,NA,28,NA,25,32,NA,6,NA,NA,NA,NA,NA,NA,NA,NA,292,388,NA,X,X (1),NA,NA,X,Association avec CHU de Liège (A/707) et Cliniques Universitaires Saint-Luc Bruxelles (A/403),NA,NA,X,NA,X,NA,NA,X,NA,Le programme de soins B1-B2 en association avec CHU-UCL Namur - Site Godinne (A/039),NA,NA,NA,NA,X,NA,NA,X,NA,X,Collaboration avec Vivalia - Hôpital d'Arlon (A/246),NA,X,X,NA,NA,NA,NA,NA,X,NA,NA,X,X,X,X,NA,NA,NA,X,X,NA,X,X,X,NA,NA,NA,NA,"AVENUE DE HOUFFALIZE 35, 6800, LIBRAMONT",49.9251661,5.379725573029864
168,3720,CENTRE HOSPITALIER CENTRE ARDENNE,HOPITAL DE BASTOGNE,CHAUSSEE DE HOUFFALIZE 1,6600,BASTOGNE,063/55.16.00,NA,NA,NA,NA,W,NA,Luxembourg,NA,NA,NA,NA,NA,NA,NA,NA,NA,36,NA,36,NA,24,NA,NA,NA,NA,NA,NA,NA,NA,NA,NA,NA,NA,NA,NA,NA,NA,NA,NA,NA,96,NA,NA,X,NA,NA,NA,NA,NA,NA,NA,X,NA,NA,NA,NA,X,NA,NA,NA,NA,NA,NA,NA,NA,NA,NA,NA,NA,NA,NA,NA,X,NA,NA,NA,NA,NA,NA,NA,NA,X,NA,X,NA,NA,NA,NA,X,X,NA,NA,X,X,NA,NA,NA,NA,"CHAUSSEE DE HOUFFALIZE 1, 6600, BASTOGNE",50.012209549999994,5.722483948707711
170,1660,AZ OUDENAARDE,NA,MINDERBROEDERSSTRAAT 3,9700,OUDENAARDE,055/33.61.11,www.azoudenaarde.be,CRAMPE HANS,DR. LECLUYSE KATRIEN,DEWAELE ELS,V,N,Oost-Vlaanderen,NA,NA,GENT Vzw,algemeen ziekenhuis,Privaat,NA,NA,NA,NA,58,NA,75,15,53,NA,NA,NA,NA,NA,10,NA,NA,24,NA,NA,NA,NA,NA,NA,NA,NA,NA,NA,235,NA,De dienst kindergeneeskunde (E) en materniteit (M) worden uitgebaat in associatie met het Universitair Ziekenhuis Gent (E. 670),X,X (1),"Associatie met ""PET Centrum Zuidoost-Vlaanderen"" (zie E. 126)",NA,NA,NA,NA,NA,X,NA,NA,NA,NA,X,NA,NA,NA,NA,NA,NA,NA,NA,X,NA,NA,NA,NA,NA,X (Associatie met Universitair Ziekenhuis Gent E. 670),X,X,X,X,X,Het zorgprogramma geriatrie en de G- bedden worden uitgebaat in associatie met UZ Gent (E. 670),X,NA,NA,X,X,X,X,NA,NA,NA,X,X,NA,X,X,X,NA,NA,NA,NA,"MINDERBROEDERSSTRAAT 3, 9700, OUDENAARDE",50.84329055,3.6020601336527114
176,1800,A.S.Z. - AUTONOME VERZORGINGSINSTELLING,ASZ AALST,MERESTRAAT 80,9300,AALST,053/76.41.11,www.asz.be,SIAU SABINE,DR. VAN HEDENT EDDY,BLANCKAERT SOPHIE,V,N,Oost-Vlaanderen,NA,NA,CUROZ Vzw,algemeen ziekenhuis,Openbaar,30,NA,NA,NA,91,NA,93,24,84,NA,NA,NA,NA,NA,29,NA,NA,NA,NA,6,NA,NA,NA,NA,NA,NA,NA,NA,357,551,NA,X,X (1),"Associatie met ""PET Centrum Zuidoost-Vlaanderen"" (zie E. 126)",X Associatie met UZ Brussel (E. 143),NA,NA,NA,NA,X,X,NA,NA,X,X,NA,Het zorgprogramma B3 wordt uitgebaat in associatie met Universitair Ziekenhuis Brussel (E. 143),NA,NA,NA,NA,NA,NA,NA,X,X,NA,NA,NA,X,X,X,X,X,X,NA,X (Magazijn steriel materiaal is gevestigd Industrielaan 27/5 9320 Erembodegem),NA,NA,X,X,X,X,NA,NA,NA,X,X,"Alternerende werking met het Onze-Lieve-Vrouw Ziekenhuis, Campus Aalst (E. 126)",X,X,X,NA,NA,NA,NA,"MERESTRAAT 80, 9300, AALST",50.93609375,4.01844614503614
176,1820,A.S.Z. - AUTONOME VERZORGINGSINSTELLING,ASZ GERAARDSBERGEN,GASTHUISSTRAAT 4,9500,GERAARDSBERGEN,054/43.21.11,NA,NA,NA,NA,V,NA,Oost-Vlaanderen,NA,NA,NA,NA,NA,NA,NA,NA,NA,32,NA,52,NA,30,NA,NA,NA,NA,NA,NA,NA,NA,20,NA,NA,NA,NA,NA,NA,NA,NA,NA,NA,134,NA,NA,X,NA,NA,NA,NA,NA,NA,NA,X,NA,NA,NA,NA,X,NA,NA,NA,NA,NA,NA,NA,NA,X,NA,NA,NA,NA,NA,NA,X,X,X,NA,NA,NA,NA,NA,NA,X,NA,X,NA,NA,NA,NA,X,X,NA,NA,X,X,NA,NA,NA,NA,"GASTHUISSTRAAT 4, 9500, GERAARDSBERGEN",50.77052655,3.8776493440285975
204,1460,AZ JAN PORTAELS,NA,GENDARMERIESTRAAT 65,1800,VILVOORDE,02/254.64.00,www.azjanportaels.be,STROO SARAH,DR. FABRE VERONIQUE,DAELEMANS YOLANDE,V,N,Vlaams-Brabant,NA,NA,BRIANT Vzw,algemeen ziekenhuis,Privaat,30,6,NA,NA,112,NA,109,15,74,NA,NA,NA,NA,NA,24,NA,NA,30,NA,6,NA,NA,NA,NA,NA,NA,NA,NA,406,NA,NA,X,X (1),Associatie met PET-CT Centrum Vesalius Bonheiden (zie E. 689),NA,NA,NA,NA,NA,X,NA,NA,NA,NA,X,NA,NA,NA,NA,NA,NA,NA,NA,NA,X,NA,NA,NA,NA,X,X,X,X,X,X,NA,X,NA,NA,X,NA,X,X,NA,NA,NA,X,X,NA,X,X,X,NA,NA,NA,NA,"GENDARMERIESTRAAT 65, 1800, VILVOORDE",50.9275714,4.418553596286964
217,1900,AZ SINT-ELISABETH,NA,GODVEERDEGEMSTRAAT 69,9620,ZOTTEGEM,09/364.81.11,www.sezz.be,BLOMME STEFAAN,DR. VALCKE MANUEL,MOENS ANN,V,N,Oost-Vlaanderen,AZ Sint-Elisabeth Zottegem - Az Glorieux Ronse,NA,E17 Vzw,algemeen ziekenhuis,Privaat,30,5,NA,NA,77,NA,103,20,48,NA,NA,NA,NA,NA,20,NA,NA,30,NA,NA,NA,NA,NA,NA,NA,NA,NA,NA,333,NA,NA,X,X (1),"Associatie met ""PET Centrum Zuidoost-Vlaanderen"" (zie E. 126)",NA,NA,NA,NA,NA,X,NA,NA,NA,NA,X,NA,NA,NA,NA,NA,NA,NA,Associatie met AZ Sint-Lucas Gent (E. 290),NA,X,X,NA,NA,NA,X,X,X,X,X,X,NA,X,NA,NA,X,X,X,X,NA,NA,NA,X,X,NA,X,X,X,NA,NA,NA,NA,"GODVEERDEGEMSTRAAT 69, 9620, ZOTTEGEM",50.8636167,3.817120817084816
243,3590,JESSA ZIEKENHUIS,VIRGA JESSE,STADSOMVAART 11,3500,HASSELT,011/33.55.11,NA,NA,NA,NA,V,NA,Limburg,NA,NA,NA,NA,NA,50,10,NA,NA,148,NA,235,40,30,NA,NA,20,NA,NA,56,NA,NA,NA,NA,NA,NA,NA,NA,NA,NA,NA,NA,NA,589,NA,De dienst neuro-psychiatrie (A-bedden & a(d)- plaatsen) wordt uitgebaat in associatie met het Sint- Franciscusziekenhuis Heusden-Zolder (E. 714),X,X (2),X (1) (Limburgs PET-Centrum),X  (Limburgs Oncologisch Centrum),X,NA,NA,NA,X,X,NA,NA,X,X,NA,NA,NA,NA,NA,X,NA,Associatie type B met Ziekenhuis Oost-Limburg Genk (E. 371),NA,X,X,NA,NA,NA,X,X,X,NA,X,X,NA,NA,NA,NA,X,X,X,X,NA,NA,NA,X,X,NA,NA,X,X,NA,NA,NA,NA,"STADSOMVAART 11, 3500, HASSELT",50.92607995,5.341714991907178
246,3690,VIVALIA,HOPITAL D'ARLON,RUE DES DEPORTES 137,6700,ARLON,063/55.15.00,www.vivalia.be,MERTENS PASCAL,DR. DELRUE VINCENT,LEROY BENEDICTE,W,F,Luxembourg,Groupement Vivalia,NA,Réseau VIVALIA,hôpital général,Public,NA,NA,NA,NA,78,30,101,20,48,NA,NA,NA,NA,NA,30,NA,NA,NA,NA,NA,30,NA,NA,NA,NA,NA,NA,NA,337,403,NA,X,X (1),NA,NA,NA,Association avec CHU de Liège (A/707) et Cliniques Universitaires Saint-Luc Bruxelles (A/403),NA,NA,X,NA,X,NA,X,X,NA,Le programme de soins B1-B2 en association  de CHU de Liège (A/707),NA,NA,NA,NA,NA,NA,NA,X,X,NA,NA,NA,X,X,X,X,X,X,NA,X,NA,NA,X,X,X,X,NA,NA,NA,X,X,NA,X,X,X,NA,NA,NA,NA,"RUE DES DEPORTES 137, 6700, ARLON",49.677371750000006,5.820147990174327
247,2770,CENTRE HOSPITALIER DE MOUSCRON,NA,AVENUE DE FECAMP 49,7700,MOUSCRON,056/85.85.85,www.chmouscron.be,LEFEBVRE GREGOIRE,DR. MARIAGE JEAN-LOUIS,CARELS EVELYNE,W,F,Hainaut,NA,NA,Réseau PHARE,hôpital général,Privé,30,6,NA,NA,84,44,97,16,40,NA,NA,NA,NA,NA,18,NA,NA,NA,NA,NA,NA,20,NA,NA,NA,NA,NA,NA,355,NA,NA,X,X(1),Association ARIANE Tournai (voir A/534),X Association avec CHU-UCL Namur - Clinique Ste. Elisabeth Namur (A/166),X,Association avec Cliniques Universitaires Saint-Luc Bruxelles (A/403),NA,NA,X,NA,X,NA,NA,X,NA,Le programme de soins B1-B2 en association avec Cliniques Universitaires Saint-Luc Bruxelles (A/403),NA,NA,NA,NA,NA,NA,NA,X,NA,X,NA,NA,X,X,NA,NA,NA,NA,NA,X,NA,NA,X,X,X,X,NA,NA,NA,X,X,NA,X,X,X,NA,NA,X,NA,"AVENUE DE FECAMP 49, 7700, MOUSCRON",50.7482425,3.220218589563393
249,3160,CHU CHARLEROI - CHIMAY,CENTRE DE SANTE DES FAGNES,BOULEVARD LOUISE 18,6460,CHIMAY,060/21.88.11,www.csf.be,DORIGATTI MICHEL,DR. DAOUDI NABIL,LOUPPE VERONIQUE,W,F,Hainaut,Groupement CHU Charleroi-Chimay,NA,Réseau HUmani Santé,hôpital général,Public,NA,NA,NA,NA,30,30,30,15,24,NA,NA,NA,NA,NA,NA,NA,NA,NA,NA,NA,20,NA,NA,NA,NA,NA,NA,NA,149,NA,NA,X,RMN mobile                         Association Interhospitalière de la Région Namuroise (A/103-249-264),NA,NA,NA,NA,NA,NA,X,NA,NA,NA,NA,X,NA,NA,NA,NA,NA,NA,NA,NA,X,NA,NA,NA,NA,NA,X,X,NA,NA,NA,NA,NA,X,NA,NA,NA,NA,X,NA,NA,NA,NA,X,X,NA,X,X,NA,NA,NA,X,2024-12-11T00:00:00Z,"BOULEVARD LOUISE 18, 6460, CHIMAY",50.04502395,4.310175463997413
254,2730,CHU HELORA - HOPITAL DE MONS,KENNEDY MONS,BOULEVARD KENNEDY 2,7000,MONS,065/41.40.00,www.helora.be,MERCIER STEPHAN,DR. BISSEN LUC,HERAUT JACQUES,W,F,Hainaut,Groupement CHU HELORA,NA,HELORA Réseau Hospitalier,hôpital général à caractère universitaire,Public,30,30,NA,NA,101,33,97,27,74,NA,NA,20,NA,NA,35,NA,NA,20,20,6,NA,NA,NA,NA,NA,NA,NA,NA,493,NA,NA,X,X (1),NA,Association avec CHU A. Vésale Montigny-Le-Tilleul (A/325) et CHU Tivoli La Louvière (A/096),NA,Association avec Hôpital Erasme Bruxelles (A/406),NA,NA,X,NA,X,NA,NA,X,NA,Le programme de soins B1-B2 en association avec CHU Tivoli (A/096) et de l'Hôpital Erasme Bruxelles (A/406),NA,X,NA,X,NA,NA,NA,X,X,NA,NA,NA,X,X,NA,NA,NA,NA,NA,X,NA,NA,X,X,X,X,NA,NA,NA,X,X,"Exploité en alternance avec CHU Helora, Site Constantinople Mons (A/266)",X,X,X,NA,NA,X,NA,"BOULEVARD KENNEDY 2, 7000, MONS",50.45732925,3.962563611154477
257,2980,KLINIK ST. JOSEF,NA,KLOSTERSTRASSE 9,4780,SANKT-VITH,080/85.44.11,www.klinik.be,DUMOULIN GAETAN,DR. PARDON PAUL,DUBOIS AUDREY,W,F,Lüttich,NA,NA,Réseau MOVE,allgemein krankenhaus,Privé,30,8,NA,NA,NA,75,NA,NA,NA,NA,NA,NA,NA,NA,10,NA,NA,NA,NA,NA,20,NA,NA,NA,NA,NA,NA,NA,143,156,NA,X,X (1),NA,NA,NA,Association avec CHU de Liège (A/707),NA,NA,X,NA,NA,NA,NA,X,NA,NA,X,NA,NA,NA,NA,NA,X,NA,NA,X,NA,NA,NA,NA,NA,NA,NA,NA,NA,X,NA,NA,NA,NA,X,X,NA,NA,NA,X,X,NA,X,X,X,NA,NA,X,NA,"KLOSTERSTRASSE 9, 4780, SANKT-VITH",50.2771945,6.127362163285787
264,3260,CHU-UCL NAMUR - HOPITAL DINANT,SAINT-VINCENT,RUE ST.-JACQUES 501,5500,DINANT,082/21.24.11,www.chuuclnamur.be,GIUNTA SANDRA,DR. MONSEUR SANDRINE,MARCHAL ANNE,W,F,Namur,Groupement CHU-UCL Namur,NA,Réseau Hospitalier Namurois (R.H.N.),hôpital général,Privé,NA,NA,NA,NA,35,41,70,15,30,NA,NA,NA,NA,NA,20,NA,NA,NA,NA,NA,NA,NA,NA,NA,NA,NA,NA,NA,211,235,NA,X,X (1) RMN mobile / Association Interhospitalière de la Région Namuroise (A/103-249-264),NA,NA,NA,Association avec Cliniques Universitaires Saint-Luc Bruxelles (A/403),NA,NA,X,NA,NA,NA,NA,X,NA,NA,NA,NA,NA,NA,NA,NA,NA,X,NA,X,NA,NA,X,X,NA,NA,NA,NA,NA,X,NA,NA,X,X,X,X,NA,NA,NA,X,X,NA,X,X,X,NA,NA,NA,NA,"RUE ST.-JACQUES 501, 5500, DINANT",50.26488355,4.944172227146069
266,2710,CHU HELORA - SITE CONSTANTINOPLE MONS - WARQUIGNIES,CONSTANTINOPLE MONS,AV. B. DE CONSTANTINOPLE 5,7000,MONS,065/38.55.11,www.jolimont.be,MERCIER STEPHAN,DR. BARTHOLOMEE SEBASTIEN,JACQUET LAURENCE,W,F,Hainaut,Groupement Jolimont,Groupement CHU HELORA,HELORA Réseau Hospitalier,hôpital général,Privé,NA,NA,NA,NA,32,6,57,NA,48,NA,NA,NA,NA,NA,NA,NA,NA,NA,NA,6,23,NA,NA,NA,NA,NA,NA,NA,172,331,NA,X,NA,NA,NA,NA,Association avec Cliniques Universitaires Saint-Luc Bruxelles (A/403),NA,NA,X,NA,X,NA,X,X,NA,Le programme de soins B1-B2 en association avec Cliniques Universitaires Saint-Luc Bruxelles (A/403),NA,NA,NA,NA,NA,NA,NA,X,NA,X,NA,NA,NA,X,NA,NA,NA,NA,NA,X,NA,NA,X,X,NA,NA,NA,NA,NA,X,X,"Exploité en alternance avec CHU Helora, site Kennedy Mons (A/254)",X,X,X,NA,NA,NA,NA,"Av. Baudouin de Constantinople 5, 7000 Mons",50.45436565,3.959975377997827
266,2720,CHU HELORA - SITE CONSTANTINOPLE MONS - WARQUIGNIES,WARQUIGNIES,RUE DES CHAUFOURS 27,7300,BOUSSU,065/38.55.11,NA,NA,NA,NA,W,NA,Hainaut,NA,NA,NA,NA,NA,NA,NA,NA,NA,24,6,28,NA,48,NA,NA,NA,NA,NA,NA,NA,NA,27,26,NA,NA,NA,NA,NA,NA,NA,NA,NA,159,NA,NA,X,X (1),NA,NA,NA,NA,NA,NA,X,NA,NA,NA,X,X,NA,NA,NA,NA,NA,NA,NA,NA,NA,X,NA,NA,NA,NA,NA,X,NA,NA,NA,NA,NA,X,NA,NA,X,NA,X,NA,NA,NA,NA,X,X,"Exploité en alternance avec Centre Hospitalier EpiCura, Site Hornu (A/410)",X,X,X,NA,X (6 lits),NA,NA,"RUE DES CHAUFOURS 27, 7300, BOUSSU",50.4177777,3.8066892535416406
290,1630,AZ SINT-LUCAS,NA,GROENEBRIEL 1,9000,GENT,09/224.61.11,www.azstlucas.be,FREYNE THIERRY,DR. DE KETELAERE KATRIEN,VANBLAERE ELS,V,N,Oost-Vlaanderen,NA,NA,GENT Vzw,algemeen ziekenhuis,Privaat,30,13,NA,NA,179,NA,214,35,125,NA,NA,2,4,NA,62,NA,23,NA,50,12,30,NA,NA,NA,NA,NA,NA,NA,779,779,"De 2 k(d)- plaatsen en 4 k(n)- bedden worden uitgebaat in functie van de associatie Kinder- & jeugdpsychiatrie regio Gent, Meetjesland en Zuid-Oost Vlaanderen. De bedden en plaaten zijn geëxploiteerd in PC Gent - Sleidinge (E.992)",X,X (2),X (1) (PET-CT Centrum zorgregio Gent/Eeklo/Deinze),X,X,NA,NA,NA,X,NA,X,NA,NA,X,NA,Het zorgprogramma B1-B2 wordt uitgebaat in associatie met Universitair Ziekenhuis Gent (E.670),NA,NA,NA,X,NA,NA,NA,X,X,NA,NA,NA,X,X,X,X,X,X,NA,X,"Magazijn en goederenonthaal gevestigd Logboekstraat 5, 9000 Gent",NA,X,X,X,X,NA,NA,NA,X,X,Alternerende werking met AZ Jan Palfijn Gent (E. 713),X,X,X,NA,NA,NA,NA,"GROENEBRIEL 1, 9000, GENT",51.062548449999994,3.7207589847645215
300,4220,UNIVERSITAIR ZIEKENHUIS ANTWERPEN (UZA),NA,DRIE EIKENSTRAAT 655,2650,EDEGEM,03/821.30.00,www.uza.be,PROF. DR. PEETERS MARC,PROF. DR. GUY HANS,SIEBENS KAAT,V,N,Antwerpen,UZA Edegem - Az Monica Antwerpen,NA,HELIX Vzw,universitair ziekenhuis,Privaat,NA,NA,NA,NA,246,NA,226,38,24,NA,NA,NA,NA,20,20,19,NA,NA,NA,NA,NA,NA,NA,NA,NA,NA,NA,NA,593,NA,"Associatie met het UPC Duffel mbt de gezamelijke exploitatie van 90 A- bedden met korte verblijfsduur gericht op psychose angst en depressie en wachtdienst, deze diensten zijn gevestigd in het UPC Duffel, Stationsstraat 22C te 2570 Duffel (E. 970). De dienst ambulante consultatie psychiatrie, het universitair forensisch centrum, de crisis- en liaisonpsychiatrie en de psychiatrische wachtdienst zijn gelokaliseerd in het UZA, Edegem (E. 300)",X,X (3),X (1) (Associatie DA VINCI PET/CT- Centrum),Associatie met Iridium netwerk Antwerpen,X,X,X,NA,X,X,NA,NA,X,X,X,NA,NA,NA,NA,NA,X,NA,NA,X (Associatie met AZ Monica Antwerpen E. 682),X,NA,NA,NA,X,X,X,X,X,X,NA,X,NA,NA,X,X,X,X,X,NA,NA,X,X,NA,X,X,X,X,NA,NA,NA,"DRIE EIKENSTRAAT 655, 2650, EDEGEM",51.15462585,4.411052099538913
308,1250,AZ HERENTALS,NA,NEDERRIJ 133,2200,HERENTALS,014/24.61.11,www.azherentals.be,VAN BALLAER RUDY,DR. BATAILLIE FILIEP,VERWIMP KIRSTEN,V,N,Antwerpen,AZ Turnhout - AZ Herentals,NA,KEMPEN Vzw,algemeen ziekenhuis,Privaat,NA,NA,NA,NA,84,NA,70,15,24,NA,NA,NA,NA,NA,20,NA,NA,30,NA,NA,NA,NA,NA,NA,NA,NA,NA,NA,243,NA,NA,X,X (1),NA,NA,NA,NA,NA,NA,X,NA,NA,NA,NA,X,NA,NA,NA,NA,NA,NA,NA,NA,NA,X,Associatie met het AZ Turnhout (E. 063),X,NA,NA,X,X,X,X,X,X,NA,X,NA,NA,X,X,X,X,NA,NA,NA,X,X,NA,X,X,X,NA,NA,NA,NA,"NEDERRIJ 133, 2200, HERENTALS",51.184866400000004,4.835667234162648
310,1980,AZ WEST,NA,IEPERSE STEENWEG 100,8630,VEURNE,058/33.31.11,www.azwest.be,CLEUREN BERT,DR. DEBELS ORTWIN,DE RIDDER KOEN,V,N,West-Vlaanderen,Jan Yperman Ziekenhuis Ieper - AZ West Veurne,NA,KOM Netwerk Vzw,algemeen ziekenhuis,Privaat,30,NA,NA,NA,61,NA,50,17,58,NA,NA,NA,NA,NA,18,NA,NA,NA,NA,NA,NA,NA,NA,NA,NA,NA,NA,NA,234,NA,NA,X,X (1),NA,NA,NA,NA,NA,NA,X,NA,NA,NA,NA,X,NA,NA,NA,NA,NA,NA,NA,NA,X,NA,NA,NA,NA,NA,X,X,X,X,X,X,NA,X,NA,NA,X,X,X,X,NA,NA,NA,X,X,NA,X,X,X,NA,NA,NA,NA,"IEPERSE STEENWEG 100, 8630, VEURNE",51.0622283,2.6689745903268314
322,4230,UZ LEUVEN,GASTHUISBERG,HERESTRAAT 49,3000,LEUVEN,016/33.22.11,www.uzleuven.be,PROF. DR. HERIJGERS PAUL,PROF. DR. VAN ASSCHE GERT,BALCAEN KOEN,V,N,Vlaams-Brabant,NA,NA,PLEXUS Vzw,universitair ziekenhuis,Privaat,39,26,NA,NA,545,6,554,128,101,NA,40,52,NA,8,65,35,NA,NA,NA,9,NA,NA,NA,NA,NA,NA,NA,NA,1608,1738,"39 A- bedden, 26 a(d)- plaatsen, 40 K- bedden en 52 k(d)- plaatsen worden uitgebaat door de associatie UPC KULeuven",X,X (4),X (1),X,X,X,X,X,X,X,NA,X,X,X,X,NA,NA,NA,NA,NA,X,NA,NA,X,X,NA,NA,NA,X,X,X,X,X,X,NA,X,NA,NA,X,X,X,X,X,X,NA,X,X,NA,X,X,X,X,NA,NA,NA,"HERESTRAAT 49, 3000, LEUVEN",50.87718495,4.671450912076818
325,2750,CHU CHARLEROI - CHIMAY,HOPITAL ANDRE VESALE,RUE DE GOZEE 706,6110,MONTIGNY-LE-TILLEUL,071/92.15.11,www.humani.be,DORIGATTI MICHEL,DR. DAOUDI NABIL,BIONDO NUNZIO,W,F,Hainaut,Groupement CHU Charleroi - Chimay,NA,Réseau HUmani Santé,hôpital général à caractère universitaire,Public,NA,NA,NA,NA,71,65,102,15,78,NA,NA,NA,NA,NA,NA,NA,NA,NA,NA,NA,NA,NA,NA,NA,NA,NA,NA,NA,331,504,NA,X,X (1),NA,X,X,Association avec Hôpital Erasme Bruxelles (A/406),NA,NA,X,NA,NA,NA,X,X,NA,NA,NA,NA,NA,NA,NA,NA,NA,X,NA,NA,NA,NA,X,X,NA,NA,NA,NA,NA,X,NA,Association avec CHU Charleroi - Hôpital Civil Marie Curie (A/718),X,X,X,NA,NA,NA,NA,X,X,NA,X,X,X,NA,NA,X,2024-12-11T00:00:00Z,"RUE DE GOZEE 706, 6110, MONTIGNY-LE-TILLEUL",50.36272295,4.365670361066751
332,6140,CHIREC - HOPITAL DELTA,DELTA,BOULEVARD DU TRIOMPHE 201,1160,BRUXELLES (AUDERGHEM),02/434.81.11,www.chirec.be,DR. DEBANDE BENOIT,DR. EL HADDAD PHILIPPE,CAMBIER ISABELLE,B,F-N,Brussel-Bruxelles,Groupement CHIREC,NA,Réseau Hospitalier CHORUS,algemeen ziekenhuis - hôpital général,Privaat - Privé,NA,NA,NA,NA,30,172,60,20,48,NA,NA,NA,NA,NA,50,15,NA,43,NA,NA,NA,NA,NA,NA,NA,NA,NA,NA,438,438,NA,X,X (1),X  (1) (Association Bruxelles Pet-Scan Brussel),X,X,NA,NA,NA,X,NA,X,NA,X,X,NA,Le programme de soins B1-B2 en association avec Hôpital Erasme Bruxelles (A/406) et CHU Tivoli La Louvière (A/096),NA,NA,NA,X,NA,NA,NA,X,X,NA,NA,NA,X,X,NA,NA,NA,NA,NA,X,NA,NA,X,NA,X,X,X,NA,NA,X,X,Exploité en alternance avec Hôpitaux Iris-Sud (A/087) et Clinique St. Jean (A/110),NA,X,X,NA,NA,X,NA,"BOULEVARD DU TRIOMPHE 201, 1160, BRUXELLES (AUDERGHEM)",50.816450599999996,4.4006524785898655
346,1710,CHU HELORA - SITE NIVELLES-TUBIZE,NIVELLES,RUE SAMIETTE 1,1400,NIVELLES,067/88.52.11,www.jolimont.be,MERCIER STEPHAN,DR. RAVOET CHRISTOPHE,VAN DEN BERGE PIERRE,W,F,Brabant Wallon,Groupement Jolimont,Groupement CHU HELORA,HELORA Réseau Hospitalier,hôpital général,Privé,NA,NA,NA,NA,26,NA,48,15,75,NA,NA,NA,NA,NA,NA,NA,NA,NA,NA,NA,20,NA,NA,NA,NA,NA,NA,NA,184,234,NA,X,X (1),NA,NA,NA,Association avec Cliniques Universitaires Saint-Luc Bruxelles (A/403),NA,NA,X,NA,NA,NA,NA,X,NA,NA,NA,NA,NA,NA,NA,NA,X,NA,NA,NA,NA,NA,NA,X,NA,NA,NA,NA,NA,X,NA,NA,X,NA,X,NA,NA,NA,NA,X,X,NA,X,X,X,NA,NA,X,NA,"RUE SAMIETTE 1, 1400, NIVELLES",50.59510525,4.316963668580982
371,3560,ZIEKENHUIS OOST - LIMBURG,SINT-JAN,SYNAPS PARK 1,3600,GENK,089/32.50.50,www.zol.be,BORMANS ERWIN,DR. GRIETEN MARTIJN,SURMONT KURT,V,N,Limburg,Ziekenhuisgroepering ZOL,NA,Noord-Oost Limburg Vzw,algemeen ziekenhuis met universitair karakter,Openbaar,30,12,NA,NA,207,NA,214,25,96,NA,NA,6,NA,NA,60,17,NA,NA,NA,9,NA,NA,NA,NA,NA,NA,NA,NA,676,805,"De 6 k(d)- plaatsen worden uitgebaat in functie van de associatie Kinderpsychiatrisch Centrum Genk. De 6 k(d)- plaatsen zijn tijdelijk gelokliseerd in het PZ Asster, Campus Melveren, Sint-Truiden (E. 991)",X,X (2),X (1) (Limburgs PET-Centrum),"X Associatie met Jessaziekenhuis, Hasselt (E. 243)",X,NA,NA,NA,X,X,NA,NA,X,X,NA,NA,NA,NA,NA,NA,X,Associatie met Jessa Ziekenhuis Hasselt (E. 243),NA,X,X,NA,NA,NA,X,X,X,X,X,X,NA,X,NA,Associatie met ZOL Maas en Kempen Maaseik (E. 717),X,X,X,X,X,NA,NA,X,X,NA,X,X,X,NA,NA,NA,NA,"SYNAPS PARK 1, 3600, GENK",50.9569981,5.518312351012494
392,6160,AZ ZENO,KNOKKE-HEIST,KALVEKEETDIJK 260,8300,KNOKKE-HEIST,050/53.50.00,www.azzeno.be,BUYCK PATRICE,DR. VAN HOECKE EMANUEL,SAMAEY JESSICA,V,N,West-Vlaanderen,NA,NA,KOM Netwerk Vzw,algemeen ziekenhuis,Privaat,30,NA,NA,NA,73,NA,85,15,51,NA,NA,NA,NA,NA,13,NA,NA,NA,NA,NA,NA,NA,NA,NA,NA,NA,NA,NA,267,327,NA,X,X (1),NA,NA,NA,NA,NA,NA,X,NA,NA,NA,NA,X,NA,NA,NA,NA,NA,NA,NA,NA,X,NA,NA,NA,NA,NA,X,X,X,X,X,X,NA,X,NA,NA,X,X,X,X,NA,NA,NA,X,X,NA,X,X,X,NA,NA,NA,NA,"KALVEKEETDIJK 260, 8300, KNOKKE-HEIST",51.3264585,3.292349377123748
392,1040,AZ ZENO,BLANKENBERGE,DR. VERHAEGHESTRAAT 1,8370,BLANKENBERGE,050/53.40.00,NA,NA,NA,NA,V,NA,West-Vlaanderen,NA,NA,NA,NA,NA,NA,NA,NA,NA,NA,NA,NA,NA,NA,NA,NA,NA,NA,NA,NA,NA,20,20,NA,NA,NA,20,NA,NA,NA,NA,NA,NA,60,NA,NA,X,NA,NA,NA,NA,NA,NA,NA,NA,NA,NA,NA,NA,NA,NA,NA,NA,NA,NA,NA,NA,NA,X,NA,NA,NA,NA,NA,NA,NA,X,X,NA,NA,NA,NA,NA,NA,NA,NA,X,NA,NA,NA,X,NA,NA,NA,NA,X,X,NA,NA,NA,NA,"DR. VERHAEGHESTRAAT 1, 8370, BLANKENBERGE",51.307691,3.124619652088456
395,1170,SINT-ANDRIESZIEKENHUIS,NA,BRUGGESTRAAT 84,8700,TIELT,051/42.51.11,www.sintandriestielt.be,LAUWYCK PETER,DR. MARCHAND WOUTER,DE CLEER DAVID,V,N,West-Vlaanderen,AZ Delta Roeselare - Sint-Andriesziekenhuis Tielt,NA,TRIaz Vzw,algemeen ziekenhuis,Privaat,30,6,NA,NA,69,NA,75,20,48,NA,NA,NA,NA,NA,18,NA,NA,NA,NA,NA,NA,21,NA,NA,NA,NA,NA,NA,287,NA,NA,X,X (1),NA,NA,NA,NA,NA,NA,X,NA,NA,NA,NA,X,NA,NA,NA,NA,NA,NA,NA,NA,NA,X,NA,X,NA,NA,X,X,X,X,X,X,NA,X,NA,NA,X,X,X,X,NA,NA,NA,X,X,NA,X,X,X,NA,NA,NA,NA,"BRUGGESTRAAT 84, 8700, TIELT",51.00235825,3.3226492824622547
396,1090,AZ GROENINGE,KENNEDYLAAN,PRESIDENT KENNEDYLAAN 4,8500,KORTRIJK,056/63.63.63,www.azgroeninge.be,BUYSE INGE,DR. VANDERSCHUEREN SERGE,ARCHIE PETRA,V,N,West-Vlaanderen,Sint-Jozefskliniek Izegem - Az Groeninge Kortrijk,NA,E17 Vzw,algemeen ziekenhuis,Privaat,67,19,NA,NA,219,NA,338,48,144,NA,NA,6,NA,NA,48,NA,25,NA,NA,NA,NA,30,NA,NA,NA,NA,NA,NA,944,1044,"De 6 k(d)- plaatsen worden uitgebaat door de associatie Kinder- & Jeugdpsychiatrie. De 6 plaatsen zijn gelokaliseerd in Kliniek Heilige Familie, Groeningepoort 4 te 8500 Kortrijk (E.528)",X,X (2),X (1) (Associatie AZ Sint- Jan Brugge - AZ Delta Roeselare - AZ Groeninge Kortrijk),X,X,NA,NA,NA,X,NA,X,NA,X,X,NA,Het zorgprogramma B1-B2 wordt uitgebaat in associatie met AZ Maria Middelares Gent (E.017),NA,NA,NA,X,NA,NA,NA,X,X,NA,NA,NA,X,X,X,X,X,X,NA,X,"Magazijn steriel materiaal is gevestigd Zonnekestraat 13, 8501 Bissegem",Associatie met PZ Heilige Familie Kortrijk (E. 528),X,X,X,X,NA,NA,NA,X,X,NA,X,X,X,NA,NA,NA,NA,"PRESIDENT KENNEDYLAAN 4, 8500, KORTRIJK",50.8018165,3.2643896398695826
397,1990,O.L.V. VAN LOURDES ZIEKENHUIS WAREGEM,NA,VIJFSEWEG 150,8790,WAREGEM,056/62.31.11,www.ziekenhuiswaregem.be,CIERKENS NOEL,DR. SNEYERS WALTER,MYNY DRIES,V,N,West-Vlaanderen,NA,NA,E17 Vzw,algemeen ziekenhuis,Privaat,30,5,NA,NA,60,NA,60,15,48,NA,NA,6,NA,NA,22,NA,NA,20,NA,NA,NA,NA,NA,NA,NA,NA,NA,NA,266,NA,"De 6 k(d)- plaatsen worden uitgebaat door de associatie Kinder- & Jeugdpsychiatrie regio Kortrijk - Waregem. De 6 plaatsen zijn gelokaliseerd in Kliniek Heilige Familie, Groeningepoort 4 te 8500 Kortrijk (E. 528)",X,X (1),NA,NA,NA,NA,NA,NA,X,NA,NA,NA,NA,X,NA,NA,NA,NA,NA,NA,NA,NA,NA,X,NA,X,NA,NA,X,X,X,X,X,X,NA,X,NA,NA,X,X,X,X,NA,NA,NA,X,NA,NA,X,X,X,NA,NA,NA,NA,"VIJFSEWEG 150, 8790, WAREGEM",50.899904899999996,3.418443589648177
403,4190,CLINIQUES UNIVERSITAIRES SAINT-LUC (UCL),NA,AVENUE HIPPOCRATE 10,1200,BRUXELLES (WOLUWE-SAINT-LAMBERT),02/764.11.11,www.saintluc.be,LEROY PHILIPPE,DR. MACHIELS JEAN-PASCAL,DURBECQ JOELLE,B,F,Brussel-Bruxelles,NA,NA,Réseau Hospitalier clinique locorégional H.Uni,universitair ziekenhuis - hôpital universitaire,Privaat - Privé,24,NA,NA,NA,324,NA,357,99,48,NA,5,30,NA,NA,36,22,NA,28,NA,NA,NA,NA,NA,NA,NA,NA,NA,NA,973,NA,NA,X,X (3),X (1),X (Association avec Clinique St. Jean Bruxelles A/110),X,X,X,NA,X,X,NA,X,X,X,X,NA,NA,X,NA,NA,X,NA,NA,X,X,NA,NA,NA,X,X,NA,NA,NA,NA,NA,X,NA,NA,X,X,X,X,X,X,NA,X,X,NA,X,X,X,X,NA,NA,NA,"AVENUE HIPPOCRATE 10, 1200, BRUXELLES (WOLUWE-SAINT-LAMBERT)",50.851809,4.453697299931784
406,4210,HOPITAL ERASME (ULB),ERASME,ROUTE DE LENNIK 808,1070,BRUXELLES (ANDERLECHT),02/555.31.11,www.erasme.ulb.ac.be,WITMEUR RENAUD,DR. CRETEUR JACQUES,VANBOSSUYT NADINE,B,F,Brussel-Bruxelles,Groupement HUB - Hôpital Universitaire de Bruxelles,NA,Réseau Hospitalier CHORUS,universitair ziekenhuis - hôpital universitaire,Privaat - Privé,50,NA,NA,NA,292,39,266,15,44,NA,20,NA,NA,NA,27,21,NA,NA,20,NA,NA,NA,NA,NA,NA,NA,NA,NA,794,986,NA,X,X (3),X (1),NA,X,X,X,NA,X,X,NA,NA,X,X,X,Le programme de soins B3 en association avec CHU Tivoli La-Louviere (A/096),NA,X,NA,NA,X,NA,NA,X,X,NA,NA,NA,X,X,NA,NA,NA,NA,NA,X,NA,NA,X,X,X,X,X,NA,NA,X,X,NA,X,X,X,X,NA,NA,NA,"ROUTE DE LENNIK 808, 1070, BRUXELLES (ANDERLECHT)",50.8138125,4.2649348787207675
409,3350,CLINIQUE NOTRE-DAME DE GRACE,NA,CHAUSSEE DE NIVELLES 212,6041,GOSSELIES,071/37.90.00,www.cndg.be,BRICHARD SYLVIE,DR. KERZMANN BENJAMIN,SCHIETECATTE CELINE,W,F,Hainaut,NA,NA,Réseau Hospitalier de Charleroi Métropole (RHCM),hôpital général,Privé,NA,NA,NA,NA,49,10,46,15,54,NA,NA,6,NA,NA,24,NA,NA,NA,NA,NA,20,NA,NA,NA,NA,NA,NA,NA,224,NA,Les 6 places k(j) exploité en association avec CHU Helora - site Nivelles (A/346) et Les Feux Follets à Wangenies (A/949),X,X (1),"Association avec Grand Hôpital de Charleroi (A/010) et CHU Charleroi - Hôpital Civil Marie Curie (A/718). Cet appareil est exploité dans le Centre Lucien Raynal, Chaussée Imperiale 93, 6060 Gilly",NA,NA,Association avec Cliniques Universitaires Saint-Luc Bruxelles (A/403),NA,NA,X,NA,NA,NA,X,X,NA,NA,NA,NA,NA,NA,NA,NA,NA,X,NA,X,Collaboration avec Grand Hôpital de Charleroi (A/010),NA,X,X,NA,NA,NA,NA,NA,X,NA,NA,X,X,X,X,NA,NA,NA,X,X,NA,X,X,X,NA,NA,X,NA,"CHAUSSEE DE NIVELLES 212, 6041, GOSSELIES",50.47504615,4.426427729135334
410,3380,CENTRE HOSPITALIER EPICURA,HORNU,RUE DE MONS 63,7301,HORNU,078/15.01.70,NA,NA,NA,NA,W,NA,Hainaut,NA,NA,NA,NA,NA,30,10,NA,NA,97,11,120,20,NA,NA,NA,NA,NA,NA,20,NA,NA,NA,NA,NA,NA,NA,NA,NA,NA,NA,NA,NA,308,NA,NA,X,X (1),Association ARIANE Tournai (A/534),NA,X,Association avec Cliniques Universitaires Saint-Luc Bruxelles (A/403),NA,NA,X,NA,X,NA,X,X,NA,Le programme de soins B1-B2 en association avec Grand Hôpital de Charleroi (A/010),NA,NA,NA,NA,NA,NA,NA,X,X,NA,NA,NA,X,NA,NA,NA,NA,NA,NA,X,NA,NA,X,X,X,X,NA,NA,NA,X,X,"Exploité en alternance avec CHU Helora, site Warquignies (A/266)",X,NA,NA,NA,NA,NA,NA,"RUE DE MONS 63, 7301, HORNU",50.43611645,3.8309415430800096
412,3410,HOPITAL DE LA CITADELLE,CITADELLE,BOULEVARD DU 12E DE LIGNE 1,4000,LIEGE,04/321.61.11,www.citadelle.be,PORTUGAELS SYLVIANNE,DR. PEPIN JEAN-LOUIS,PUTZEYS DOMINIQUE,W,F,Liège,CHU de Liège - Hopital de la Citadelle - Liège,NA,ELIPSE Réseau Hospitalier Universitaire,hôpital général à caractère universitaire,Public,38,30,NA,NA,149,76,218,80,171,NA,20,NA,NA,NA,53,25,NA,NA,NA,NA,NA,NA,NA,NA,NA,NA,NA,NA,860,900,NA,X,X (2),Association avec Groupe Santé CHC Liège (A/152),NA,X,Association avec CHU de Liège (A/707),NA,NA,X,X,NA,NA,X,X,NA,NA,NA,X (jusqu'au 30/11/2024),Association avec CHU de Liège (A/707),NA,X,NA,NA,X,X,NA,NA,NA,X,X,NA,NA,NA,NA,NA,X,NA,NA,X,X,X,X,X,X,NA,X,X,NA,X,X,X,NA,NA,NA,NA,"BOULEVARD DU 12E DE LIGNE 1, 4000, LIEGE",50.65353854192127,5.574225365416517
525,1940,AZ OOSTENDE - DAMIAAN,DAMIAAN,GOUWELOZESTRAAT 100,8400,OOSTENDE,059/41.40.40,www.azoostende.be,DE BOCK BART,DR. GERNIERS SABINE,LUTS INGE,V,N,West-Vlaanderen,AZ Oostende Damiaan - Serruys,NA,KOM Netwerk Vzw,algemeen ziekenhuis,Privaat,55,5,NA,NA,91,NA,132,48,102,NA,NA,NA,NA,NA,38,NA,NA,20,20,6,NA,24,NA,NA,NA,NA,NA,NA,541,NA,NA,X,X (1),NA,NA,NA,NA,NA,NA,X,NA,X,NA,X,X,NA,Het zorgprogramma B1-B2 wordt uitgebaat op associatieniveau met AZ Maria Middelares Gent (E. 017),NA,NA,NA,NA,NA,NA,NA,X,X,NA,NA,NA,X,X,X,X,X,X,NA,X,NA,Associatie met Az Oostende - Serruys E. 067,X,X,X (Associatie met Az Oostende - Serruys E. 067),X,NA,NA,NA,X,X,NA,X,X,X,NA,NA,NA,NA,"GOUWELOZESTRAAT 100, 8400, OOSTENDE",51.21867735,2.9333547486989673
534,2830,CENTRE HOSPITALIER DE WALLONIE PICARDE (CHwapi),UNION,RUE DES SPORTS 51,7500,TOURNAI,069/33.31.11,NA,NA,NA,NA,W,NA,Hainaut,NA,NA,NA,NA,NA,NA,NA,NA,NA,90,21,120,30,NA,NA,NA,NA,NA,NA,30,NA,NA,NA,NA,NA,NA,NA,NA,NA,NA,NA,NA,NA,291,NA,NA,X,X (1),X (1) Association ARIANE,NA,NA,Association avec Cliniques Universitaires Saint-Luc Bruxelles (A/403),NA,NA,X,NA,X,NA,X,X,NA,"Le programme de soins B1-B2 en association avec CHU-UCL Namur, Site Godinne (A/039)",NA,NA,NA,X,NA,NA,NA,X,X,NA,NA,NA,X,NA,NA,NA,X,NA,NA,X,NA,NA,X,X,NA,X,NA,NA,NA,X,X,NA,X,X,X,NA,NA,NA,NA,"RUE DES SPORTS 51, 7500, TOURNAI",50.59967845,3.3852877583728427
536,2090,AZ VOORKEMPEN,NA,OUDE LIERSEBAAN 4,2390,MALLE,03/380.20.11,www.azvoorkempen.be,VANCRAEYNEST KOEN,DR. SIMONS PIETER-JAN,VAN HOOLST KOEN,V,N,Antwerpen,NA,NA,HELIX Vzw,algemeen ziekenhuis,Privaat,NA,NA,NA,NA,60,NA,87,20,48,NA,NA,NA,NA,NA,15,NA,NA,20,NA,NA,NA,NA,NA,NA,NA,NA,NA,NA,250,NA,NA,X,X (1),Associatie met DA VINCI PET/CT- Centrum gelokaliseerd in ZAS (E. 009 en E. 099) en UZA (E. 300),Associatie met Iridium netwerk Antwerpen,X,NA,NA,NA,X,NA,NA,NA,NA,X,NA,NA,NA,NA,NA,NA,NA,NA,X,NA,Associatie met AZ Klina Brasschaat (E. 710),NA,NA,NA,X,X,X,X,X,X,NA,X,NA,Associatie met PZ Bethaniënhuis Zoersel (E. 937),X,X,X,X,NA,NA,NA,X,X,NA,X,X,X,NA,NA,NA,NA,"OUDE LIERSEBAAN 4, 2390, MALLE",51.2745056,4.644915133470479
550,1680,AZ GLORIEUX,NA,GLORIEUXLAAN 55,9600,RONSE,055/23.30.11,www.azglorieux.be,BLOMME STEFAAN,DR. GHILLEMIJN BJORN,VERHAEGEN ANNABELL,V,N,Oost-Vlaanderen,AZ Glorieux Ronse - AZ Sint-Elisabeth Zottegem,NA,E17 Vzw,algemeen ziekenhuis,Privaat,30,7,NA,NA,70,NA,63,18,90,NA,NA,2,4,NA,15,NA,NA,35,NA,6,NA,NA,NA,NA,NA,NA,NA,NA,340,NA,"De 2 k(d)- plaatsen en 4 k(n)- bedden worden uitgebaat in functie van de associatie Kinder- & jeugdpsychiatrie regio Gent, Meetjesland en Zuid-Oost Vlaanderen. De bedden en plaatsen worden geëxploiteerd in PC Gent - Sleidinge (E.992)",X,X (1),"Associatie met ""PET Centrum Zuidoost-Vlaanderen"" (E.126)",NA,X,NA,NA,NA,X,NA,NA,NA,NA,X,NA,NA,NA,NA,NA,NA,NA,NA,NA,X,NA,X,NA,NA,X,X,X,X,X,X,NA,X,NA,NA,X,X,X,X,NA,NA,NA,X,X,NA,X,X,X,NA,NA,NA,NA,"GLORIEUXLAAN 55, 9600, RONSE",50.7549716,3.60093
595,1860,VITAZ,VITAZ SINT-NIKLAAS,MOERLANDSTRAAT 1,9100,SINT-NIKLAAS,03/760.60.60,www.vitaz.be,VAN DEN BROUCK STEFAN,DR. NIEBERDING PHILIP,CUVELIER HENK,V,N,Oost-Vlaanderen,NA,NA,MIRA Vzw,algemeen ziekenhuis,Privaat,30,15,NA,NA,239,NA,236,44,122,NA,17,15,NA,NA,76,NA,NA,NA,NA,NA,NA,NA,NA,NA,NA,NA,NA,NA,794,944,NA,X,X (1),NA,X  (Iridium netwerk Antwerpen),X,NA,NA,NA,X,NA,X,NA,NA,X,NA,Het zorgprogramma B1-B2 wordt uitgebaat in associatie met Universitair Ziekenhuis Gent (E. 670),NA,NA,NA,X,NA,NA,NA,X,X,NA,NA,NA,X,X,X,X,X,X,NA,X,"Het magazijn gevestigd Pachtgoedstraat 8, 9100 Sint-Niklaas maakt deel uit van de functie ziekenhuisapotheek",NA,X,X,X,X,NA,NA,NA,X,X,NA,X,X,X,NA,NA,NA,NA,"MOERLANDSTRAAT 1, 9100, SINT-NIKLAAS",51.1615693,4.149338737341046
670,3850,UNIVERSITAIR ZIEKENHUIS GENT,NA,CORNEEL HEYMANSLAAN 10,9000,GENT,09/332.21.11,www.uzgent.be,PROF. DR. VERMASSEN FRANK,PROF. DR. DE PAEPE PETER,VERHAEGHE RIK,V,N,Oost-Vlaanderen,NA,NA,GENT Vzw,universitair ziekenhuis,Openbaar,76,17,NA,NA,389,NA,326,72,48,NA,15,17,NA,NA,31,32,NA,20,NA,6,NA,NA,NA,NA,NA,NA,NA,NA,1049,NA,"De 15 K- bedden en 17 k(d)- plaatsen worden uitgebaat in functie van de associatie Kinder- & jeugdpsychiatrie regio Gent, Meetjesland en Zuid-Oost Vlaanderen",X,X (3),X (1),X,X,X,X,X,X,X,NA,X,X,X,X,NA,NA,NA,NA,NA,X,NA,NA,X,X,NA,NA,NA,X,X,X,X,X,X,Het zorgpgramma geriatrie en de G- bedden worden uitgebaat in associatie met AZ Oudenaarde (E. 170),X,NA,NA,X,X,X,X,X,X,NA,X,X,NA,X,X,X,X,X (6 bedden),NA,NA,"CORNEEL HEYMANSLAAN 10, 9000, GENT",51.02353555,3.7266310296153846
682,1210,AZ MONICA,DEURNE,FLORENT PAUWELSLEI 1,2100,DEURNE,03/320.50.00,www.azmonica.be,SMITS GEERT,DR. SION JEAN-PAUL,DIELS DORIEN,V,N,Antwerpen,UZA Edegem - Az Monica Antwerpen,NA,HELIX Vzw,algemeen ziekenhuis,Privaat,NA,NA,NA,NA,96,NA,80,16,48,NA,NA,NA,NA,NA,25,NA,NA,NA,NA,NA,NA,NA,NA,NA,NA,NA,NA,NA,265,466,NA,X,X (1),Associatie met ZAS (E. 009 en E. 099) - UZA (E. 300),Associatie met Iridium netwerk Antwerpen,NA,NA,NA,NA,X,NA,X,NA,X,X,NA,Het zorgprogramma B1-B2 wordt uitgebaat in associatie met UZA Edegem (E. 300),NA,NA,NA,NA,NA,NA,NA,X (Associatie met UZA Edegem E. 300),X,NA,NA,NA,X,X,X,X,X,X,NA,X,Het magazijn voor stockage van steriel materiaal gevestigd Herentalsebaan 440 te 2100 Deurne maakt deel uit van de functie ziekenhuisapotheek,NA,X,X,NA,X,NA,NA,NA,X,X,"Alternerende werking met ZAS, Campus Cadix Antwerpen (E. 009) en ZAS, Campus Vincentius Antwerpen (E. 099)",X,X,X,NA,NA,NA,NA,"FLORENT PAUWELSLEI 1, 2100, DEURNE",51.20655645,4.470777631143072
689,2040,IMELDA  ZIEKENHUIS,NA,IMELDALAAN 9,2820,BONHEIDEN,015/50.50.11,www.imelda.be,PARDON BART,DR. RIJKERS FHILIP,GEVELS MARC,V,N,Antwerpen,NA,NA,BRIANT Vzw,algemeen ziekenhuis,Privaat,30,NA,NA,NA,142,NA,169,20,69,NA,NA,NA,NA,NA,32,NA,NA,NA,20,NA,20,NA,NA,NA,NA,NA,NA,NA,502,NA,NA,X,X (1),X (1) (PET-CT Centrum Vesalius Bonheiden),NA,X,NA,NA,NA,X,X,NA,NA,X,X,NA,NA,NA,NA,NA,X,NA,NA,NA,X,X,NA,NA,NA,X,X,X,X,X,X,NA,X,NA,NA,X,X,X,X,NA,NA,NA,X,X,NA,X,X,X,NA,NA,NA,NA,"IMELDALAAN 9, 2820, BONHEIDEN",51.01734385,4.558895396450215
706,3340,CLINIQUE SAINT-LUC,NA,RUE SAINT LUC 8,5004,BOUGE,081/20.91.11,www.slbo.be,DUFOUR ADRIEN,DR. DEFLANDRE ERIC,DERYCKERE MATHIEU,W,F,Namur,NA,NA,Réseau Hospitalier Namurois (R.H.N.),hôpital général,Privé,30,NA,NA,NA,120,32,90,NA,30,NA,NA,NA,NA,NA,NA,NA,NA,NA,NA,NA,NA,NA,NA,NA,NA,NA,NA,NA,302,NA,NA,X,X (1),NA,NA,NA,Association avec Cliniques Universitaires Saint-Luc Bruxelles (A/403),NA,NA,X,X,NA,NA,X,X,NA,"Le programme de soins B3 en association avec CHR Sambre et Meuse, Site Meuse Namur (A/006)",NA,NA,NA,NA,NA,NA,NA,X,NA,X,Collaboration avec CHU-UCL Namur - Ste. Elisabeth Namur (A/166),NA,NA,X,NA,NA,NA,NA,NA,X,NA,NA,X,NA,X,NA,NA,NA,NA,X,NA,NA,X,X,X,NA,NA,NA,NA,"RUE SAINT LUC 8, 5004, BOUGE",50.4773196,4.88074709779424
707,3860,CHU DE LIEGE,SART-TILMAN,AVENUE DE L'HOPITAL 1,4000,LIEGE-1 (SART-TILMAN),04/323.00.00,www.chuliege.be,DE PAOLI MARC,DR. CHRISTIAENS GENEVIEVE,MACLOT ERIC,W,F,Liège,CHU de Liège - Hopital de la Citadelle - Liège,NA,ELIPSE Réseau Hospitalier Universitaire,hôpital universitaire,Public,30,NA,NA,NA,272,42,281,NA,NA,NA,NA,NA,NA,NA,NA,NA,NA,NA,NA,NA,NA,NA,NA,NA,NA,NA,NA,NA,625,1038,NA,X,X (3),X (1),X,X,X,X,X,X,X,NA,NA,X,X,X,NA,NA,X,NA,NA,NA,NA,NA,X,X,NA,NA,NA,NA,NA,NA,NA,NA,NA,NA,X,NA,NA,X,X,X,NA,NA,NA,NA,X,NA,NA,X,X,X,X,NA,NA,NA,"Avenue de l'Hôpital 1/1, 4000 Luik",50.574156416950565,5.570320322816865
707,2840,CHU DE LIEGE,NOTRE-DAME DES BRUYERES,RUE DE GAILLARMONT 600,4032,CHENEE,04/323.00.00,NA,NA,NA,NA,W,NA,Liège,NA,NA,NA,NA,NA,NA,NA,NA,NA,72,7,46,23,60,NA,NA,NA,NA,NA,25,NA,20,NA,NA,NA,NA,NA,NA,NA,NA,NA,NA,NA,253,NA,NA,X,NA,NA,NA,NA,NA,NA,NA,NA,NA,NA,NA,NA,NA,NA,NA,NA,NA,NA,NA,NA,NA,NA,NA,NA,NA,NA,NA,X,X,NA,NA,NA,NA,NA,X,NA,NA,X,NA,NA,X,NA,NA,NA,X,X,NA,X,X,NA,NA,NA,NA,NA,"RUE DE GAILLARMONT 600, 4032, CHENEE",50.615029917094134,5.618060313442574
709,2690,ZIEKENHUIS GEEL,NA,J.B. STESSENSSTRAAT 2,2440,GEEL,014/57.77.77,www.ziekenhuisgeel.be,FLAMENT JAN,DR. OPHEIDE JOS,CLAESSENS WALTER,V,N,Antwerpen,AZ Mol - Ziekenhuis Geel,NA,KEMPEN Vzw,algemeen ziekenhuis,Openbaar,NA,NA,NA,NA,81,NA,100,15,45,NA,NA,NA,NA,NA,23,NA,NA,30,NA,NA,NA,NA,NA,NA,NA,NA,NA,NA,294,NA,"De 30 S2- bedden (locomotorische aandoeningen) worden uitgebaat in associatie met het Heilig Hartziekenhuis, Mol (E. 102)",X,X (1),NA,NA,NA,NA,NA,NA,X,NA,NA,NA,NA,X,NA,"Associatie met UZA, Edegem (E.300) voor het zorgprogramma B3, met ZAS Augustinus (E.099) & AZ Monica Deurne (E.682) voor het zorgprogramma B1-B2",NA,NA,NA,NA,NA,NA,NA,X,X,NA,NA,NA,X,X,X,X,X,X,NA,X,NA,NA,X,X,NA,X,NA,NA,NA,X,X,NA,X,X,NA,NA,NA,NA,NA,"J.B. STESSENSSTRAAT 2, 2440, GEEL",51.1592998,5.00180679063536
710,3450,AZ KLINA,AZ KLINA,AUGUSTIJNSLEI 100,2930,BRASSCHAAT,03/650.50.50,www.klina.be,DR. BAERT JOOST,DR. CUYT CHRISTINE,VERSPUY MARTIJN,V,N,Antwerpen,NA,NA,HELIX Vzw,algemeen ziekenhuis,Privaat,50,8,NA,NA,133,NA,138,18,72,NA,NA,NA,NA,NA,40,NA,NA,NA,NA,NA,NA,NA,NA,NA,NA,NA,NA,NA,459,589,NA,X,X (1),Associatie met DA VINCI PET/CT- Centrum gelokaliseerd in ZAS (E.009 en E.099) en UZA (E.300),X (Iridium netwerk Antwerpen),Associatie met Az Voorkempen Malle (E. 536),NA,NA,NA,X,NA,NA,NA,NA,X,NA,NA,NA,NA,NA,X,NA,NA,NA,X,X (Associatie Borstkliniek Voorkempen),NA,NA,NA,X,X,X,X,X,X,NA,X,NA,NA,X,X,X,X,NA,NA,NA,X,X,"Alternerende werking met ZAS, Campus Palfijn Merksem (E. 009)",X,X,X,NA,NA,NA,NA,"AUGUSTIJNSLEI 100, 2930, BRASSCHAAT",51.2995792,4.4888632
712,1320,AZ DIEST,STATIESTRAAT,STATIESTRAAT 65,3290,DIEST,013/35.40.11,www.azdiest.be,PROF. DR. WEEKERS FRANK,DR. SPILEERS WERNER,VANDEN BERGH ANN,V,N,Vlaams-Brabant,NA,NA,PLEXUS Vzw,algemeen ziekenhuis,Privaat,NA,NA,NA,NA,63,NA,74,NA,27,NA,NA,NA,NA,NA,NA,NA,NA,20,NA,NA,NA,NA,NA,NA,NA,NA,NA,NA,184,224,NA,X,X (1) (Associatie met RZ Heilig Hart Leuven E. 108),Associatie met PET-CT Centrum Vesalius Bonheiden (zie E. 689),NA,NA,NA,NA,NA,X,NA,NA,NA,NA,X,NA,NA,NA,NA,NA,NA,NA,NA,X,NA,NA,NA,NA,NA,NA,X,X,X,X,X,NA,X,NA,NA,X,X,X,NA,NA,NA,NA,X,X,NA,X,NA,X,NA,NA,NA,NA,"STATIESTRAAT 65, 3290, DIEST",50.987049150000004,5.051519403584623
713,1610,AZ JAN PALFIJN,NA,WATERSPORTLAAN 5,9000,GENT,09/224.71.11,www.janpalfijn.be,BALTHAZAR TOM,DR. BAELDE NICK,MOERENHOUT EDWIN,V,N,Oost-Vlaanderen,NA,NA,GENT Vzw,algemeen ziekenhuis,Openbaar,30,10,NA,NA,124,NA,95,21,92,NA,NA,NA,NA,NA,38,NA,29,NA,27,6,NA,47,NA,NA,NA,NA,NA,NA,519,NA,NA,X,X (1),Associatie met PET-CT Centrum zorgregio Gent/Eeklo/Deinze (zie E. 290),NA,NA,NA,NA,NA,X,NA,NA,NA,NA,X,NA,NA,NA,NA,NA,NA,X,NA,NA,X,NA,X,NA,NA,X,X,X,X,X,X,NA,X,NA,NA,X,X,X,X,NA,NA,NA,X,X,Alternerende werking met AZ Sint-Lucas Gent (E. 290),X,X,X,NA,NA,NA,NA,"WATERSPORTLAAN 5, 9000, GENT",51.04829395384307,3.6981642008155453
714,3600,SINT-FRANCISCUSZIEKENHUIS,NA,PASTOOR PAQUAYLAAN 129,3550,HEUSDEN-ZOLDER,011/71.50.00,www.sfz.be,SNEYERS NELE,DR. PANS STEVEN,RUYSEN JEROEN,V,N,Limburg,NA,NA,Ziekenhuisnetwerk Andreaz,algemeen ziekenhuis,Privaat,35,8,2,NA,82,NA,58,15,48,NA,NA,NA,NA,NA,20,NA,NA,NA,NA,NA,NA,NA,NA,NA,NA,NA,NA,NA,268,NA,"De dienst neuro-psychiatrie (A- bedden, a(d) plaatsen en a(n) bedden) wordt uitgebaat in associatie met Jessa Ziekenhuis Hasselt (E. 243)",X,X (1),Associatie met Limburgs PET-centrum (zie E.243 en E.371),NA,NA,NA,NA,NA,X,NA,NA,NA,NA,X,NA,NA,NA,NA,NA,NA,NA,NA,X,NA,NA,NA,NA,NA,X,X,X,X,X,X,NA,X,NA,NA,X,X,X,X,NA,NA,NA,X,X,NA,X,X,X,NA,NA,NA,NA,"PASTOOR PAQUAYLAAN 129, 3550, HEUSDEN-ZOLDER",51.04679255,5.315312289000383
715,3650,SINT-TRUDO ZIEKENHUIS,NA,DIESTERSTEENWEG 100,3800,SINT-TRUIDEN,011/69.91.11,www.sint-trudo.be,MONARD CINDY,DR. VLAYEN JOAN,CLERBOUT KATRIEN,V,N,Limburg,NA,NA,Ziekenhuisnetwerk Andreaz,algemeen ziekenhuis,Privaat,NA,NA,NA,NA,93,NA,95,15,72,NA,NA,NA,NA,NA,15,NA,NA,20,NA,NA,NA,NA,NA,NA,NA,NA,NA,NA,310,NA,NA,X,X (1),Associatie met Limburgs PET-centrum (zie E.243 en E.371),NA,X,NA,NA,NA,X,NA,NA,NA,NA,X,NA,NA,NA,NA,NA,NA,NA,NA,NA,X,NA,X,NA,NA,X,X,X,X,X,X,NA,X,NA,NA,X,X,X,X,NA,NA,NA,X,X,NA,X,X,X,NA,NA,NA,NA,"DIESTERSTEENWEG 100, 3800, SINT-TRUIDEN",50.823409850000004,5.185281484185678
716,3670,AZ VESALIUS,AZ VESALIUS,HAZELEREIK 51,3700,TONGEREN,012/39.61.11,www.azvesalius.be,CHRISTIAENS ERIC,DR. BREUGELMANS ALEX,VAN BAELEN JEAN-PAUL,V,N,Limburg,NA,NA,Ziekenhuisnetwerk Andreaz,algemeen ziekenhuis,Openbaar,NA,NA,NA,NA,76,NA,83,15,77,NA,NA,NA,NA,NA,15,NA,NA,30,NA,6,24,NA,NA,NA,NA,NA,NA,NA,326,326,NA,X,X (1),Associatie met Limburgs PET-centrum (zie E.243 en E.371),NA,NA,NA,NA,NA,X,NA,NA,NA,NA,X,NA,NA,NA,NA,NA,NA,NA,NA,X,NA,NA,NA,NA,NA,X,X,X,X,X,X,NA,X,NA,NA,X,X,X,X,NA,NA,NA,X,X,NA,X,X,X,NA,NA,NA,NA,"HAZELEREIK 51, 3700, TONGEREN",50.78922255,5.483310954912156
717,6120,ZIEKENHUIS OOST - LIMBURG,MAAS EN KEMPEN,DIESTERSTEENWEG 425,3680,MAASEIK,089/50.50.50,www.zol.be,BORMANS ERWIN,DR. GRIETEN MARTIJN,SURMONT KURT,V,N,Limburg,Ziekenhuisgroepering ZOL,NA,Noord-Oost Limburg Vzw,algemeen ziekenhuis,Openbaar,NA,NA,NA,NA,50,NA,57,15,48,NA,NA,NA,NA,NA,23,NA,NA,20,NA,NA,NA,NA,NA,NA,NA,NA,NA,NA,213,NA,"20 Sp- bedden gespecialiseerd voor patiënten met locomotorische aandoeningen worden uitgebaat in associatie met Noorderhart - Campus Mariaziekenhuis, Pelt (E. 719)",X,X (1),Associatie met Limburgs PET-centrum (zie E.243 en E.371),NA,NA,NA,NA,NA,X,NA,NA,NA,NA,X,NA,NA,NA,NA,NA,NA,NA,NA,X,NA,NA,NA,NA,NA,X,X,X,X,X,X,NA,X,NA,Associatie met Ziekenhuis Oost-Limburg Genk (E. 371),X,X,X,X,NA,NA,NA,X,X,NA,X,X,X,NA,NA,NA,NA,"DIESTERSTEENWEG 425, 3680, MAASEIK",51.1018736,5.768182235392169
718,3130,CHU CHARLEROI - CHIMAY,HOPITAL CIVIL MARIE CURIE,CHAUSSE DE BRUXELLES 140,6042,LODELINSART,071/92.12.11,www.humani.be,DORIGATTI MICHEL,DR. DAOUDI NABIL,JABLONOWSKI CAROL-ANNE,W,F,Hainaut,Groupement CHU Charleroi - Chimay,NA,Réseau HUmani Santé,hôpital général à caractère universitaire,Public,30,NA,NA,NA,109,135,161,27,24,NA,NA,NA,NA,NA,46,15,NA,NA,NA,NA,NA,NA,NA,NA,NA,NA,NA,NA,547,838,NA,X,X (1),"Association avec Grand Hôpital de Charleroi (A/010) et Clinique Notre-Dame de Grâce Gosselies (A/409). Cet appareil est exploité dans le Centre Lucien Raynal, Chaussée Imperiale 93, 6060 Gilly",Association avec CHU Charleroi - Chimay - Hôpital André Vésale à Montigny-Le-Tilleul (A/325) et CHU Tivoli La Louvière (A/096),X,Association avec CHU de Liège (A/707) et Hôpital Erasme Bruxelles (A/406),NA,NA,X,X,NA,NA,X,X,NA,NA,NA,X,NA,X,NA,NA,NA,X,X,NA,NA,NA,X,X,NA,NA,NA,NA,NA,X,NA,"Association avec CHU Charleroi - Chimay - Hôpital André Vésale, Montigny-Le-Tilleul (A/325)",X,X,X,X,X,NA,NA,X,X,NA,X,X (site Hôpital Civil Marie Curie et Clinique Léon Neuens Châtelet),X,NA,NA,X,2024-12-11T00:00:00Z,"CHAUSSE DE BRUXELLES 140, 6042, LODELINSART",50.43129486078203,4.440282935119576
719,3615,NOORDERHART,MARIAZIEKENHUIS,MAESENSVELD 1,3900,PELT,011/82.60.00,www.noorderhart.be,RAMAEKERS HANS,DR. VERROKEN RIK,SWAELEN CHRIS,V,N,Limburg,NA,NA,Noord-Oost Limburg Vzw,algemeen ziekenhuis,Privaat,45,8,NA,NA,91,NA,90,15,57,NA,NA,NA,NA,NA,21,NA,NA,NA,NA,6,NA,NA,NA,NA,NA,NA,NA,NA,333,NA,Associatie met Ziekenhuis Oost-Limburg - Campus Maas en Kempen Maaseik (E.717) betreffende gezamelijke exploitatie van 20 Sp- bedden locomotorische aandoeningen,X,X (1),Associatie met Limburgs PET-centrum (zie E.243 en E.371),NA,NA,NA,NA,NA,X,NA,NA,NA,NA,X,NA,NA,NA,NA,NA,NA,NA,NA,NA,X,X,NA,NA,NA,X,X,X,X,X,X,NA,X,NA,NA,X,X,X,X,NA,NA,NA,X,X,NA,X,X,X,NA,NA,NA,NA,"MAESENSVELD 1, 3900, PELT",51.2123397,5.415641085169369
723,1470,CHIREC - HOPITAL SARE,STE. ANNE - ST. REMI,BD. J. GRAINDOR 66,1070,BRUXELLES (ANDERLECHT),02/434.31.11,www.chirec.be,DR. DEBANDE BENOIT,DR. EL HADDAD PHILIPPE,CAMBIER ISABELLE,B,F-N,Brussel-Bruxelles,Groupement CHIREC,NA,Réseau Hospitalier CHORUS,algemeen ziekenhuis - hôpital général,Privaat - Privé,52,12,NA,NA,30,70,30,15,48,NA,NA,NA,NA,NA,26,NA,NA,44,NA,NA,NA,NA,NA,NA,NA,NA,NA,NA,327,614,NA,X,X (1),NA,NA,NA,Association avec Cliniques Universitaires Saint-Luc Bruxelles (A/403),NA,NA,X,NA,NA,NA,NA,X,NA,NA,NA,NA,NA,NA,NA,NA,X,NA,NA,X,NA,NA,X,X,NA,NA,NA,NA,NA,X,NA,NA,X,X,X,X,NA,NA,NA,X,NA,NA,X,X,X,NA,NA,X,NA,"Jules Graindorlaan 66, 1070 Anderlecht",50.8452841,4.316894841865741
723,1760,CHIREC - HOPITAL SARE,HOPITAL DE BRAINE-L'ALLEUD,RUE WAYEZ 35,1420,BRAINE-L'ALLEUD,02/434.91.11,NA,NA,NA,NA,W,F,Brabant Wallon,NA,NA,NA,NA,NA,NA,NA,NA,NA,60,106,30,15,24,NA,NA,NA,NA,NA,30,NA,NA,22,NA,NA,NA,NA,NA,NA,NA,NA,NA,NA,287,NA,NA,X,X (1),NA,NA,NA,NA,NA,NA,X,NA,NA,NA,NA,X,NA,NA,NA,NA,NA,NA,X,NA,X,NA,NA,X,NA,NA,X,NA,NA,NA,NA,NA,NA,X,NA,NA,X,NA,X,X,NA,NA,NA,X,X,NA,X,X,NA,NA,NA,X,NA,"RUE WAYEZ 35, 1420, BRAINE-L'ALLEUD",50.6844807,4.367590476448777
724,1910,CENTRE HOSPITALIER EPICURA,ATH,RUE MARIA THOMEE 1,7800,ATH,078/15.01.70,www.epicura.be,BURHIN FRANCOIS,DR. GOUBELLA AHMED,REBELLA VINCENT,W,F,Hainaut,Groupement Epicura,NA,Réseau PHARE,hôpital général à caractère universitaire,Privé,5,NA,NA,NA,36,33,77,18,48,NA,NA,NA,NA,NA,20,NA,NA,NA,NA,NA,NA,NA,NA,NA,NA,NA,NA,NA,237,NA,Les 5 lits A exploité en association avec C.H. Epicura Hornu - Baudour (A/410),X,X (1),Association ARIANE Tournai (voir A/534),NA,NA,NA,NA,NA,X,NA,NA,NA,NA,X,NA,NA,NA,NA,NA,NA,NA,NA,NA,X,NA,NA,NA,NA,X,X,NA,NA,NA,NA,NA,X,NA,NA,X,X,X,X,NA,NA,NA,X,X,NA,X,X,X,NA,NA,NA,NA,"RUE MARIA THOMEE 1, 7800, ATH",50.63447535,3.776606041064304
