origin,destination.ziekenhuis_naam,destination.volledig_adres,destination.ziekenhuis,destination.geom,id,rank,section,departure,arrival,type,mode,distance,duration,duration_base,consumption,tolls
72041B291,NOORDERHART,"MAESENSVELD 1, 3900, PELT","NOORDERHART -- MAESENSVELD 1, 3900, PELT","c(5.41564108516937, 51.2123397)",1,1,1,2025-10-11T08:00:00Z,2025-10-11T08:39:24Z,vehicle,car,34682,2364,2121,12.2916,0
72041C001,NOORDERHART,"MAESENSVELD 1, 3900, PELT","NOORDERHART -- MAESENSVELD 1, 3900, PELT","c(5.41564108516937, 51.2123397)",1,1,1,2025-10-11T08:00:00Z,2025-10-11T08:42:05Z,vehicle,car,35847,2525,2303,12.8521,0
72041C012,NOORDERHART,"MAESENSVELD 1, 3900, PELT","NOORDERHART -- MAESENSVELD 1, 3900, PELT","c(5.41564108516937, 51.2123397)",1,1,1,2025-10-11T08:00:00Z,2025-10-11T08:41:57Z,vehicle,car,35805,2517,2302,12.8147,0
72041C09-,NOORDERHART,"MAESENSVELD 1, 3900, PELT","NOORDERHART -- MAESENSVELD 1, 3900, PELT","c(5.41564108516937, 51.2123397)",1,1,1,2025-10-11T08:00:00Z,2025-10-11T08:41:42Z,vehicle,car,35686,2502,2286,12.7499,0
72041C11-,NOORDERHART,"MAESENSVELD 1, 3900, PELT","NOORDERHART -- MAESENSVELD 1, 3900, PELT","c(5.41564108516937, 51.2123397)",1,1,1,2025-10-11T08:00:00Z,2025-10-11T08:38:37Z,vehicle,car,33545,2317,2111,11.9016,0
21001A34-,CHIREC - HOPITAL SARE,"Jules Graindorlaan 66, 1070 Anderlecht","CHIREC - HOPITAL SARE -- Jules Graindorlaan 66, 1070 Anderlecht","c(4.31689484186574, 50.8452841)",1,1,1,2025-10-11T08:00:00Z,2025-10-11T08:11:32Z,vehicle,car,4208,692,581,2.4879,0
21001A41-,CHIREC - HOPITAL SARE,"Jules Graindorlaan 66, 1070 Anderlecht","CHIREC - HOPITAL SARE -- Jules Graindorlaan 66, 1070 Anderlecht","c(4.31689484186574, 50.8452841)",1,1,1,2025-10-11T08:00:00Z,2025-10-11T08:09:55Z,vehicle,car,3602,595,548,2.1558,0
21001A441,CHIREC - HOPITAL SARE,"Jules Graindorlaan 66, 1070 Anderlecht","CHIREC - HOPITAL SARE -- Jules Graindorlaan 66, 1070 Anderlecht","c(4.31689484186574, 50.8452841)",1,1,1,2025-10-11T08:00:00Z,2025-10-11T08:10:03Z,vehicle,car,3766,603,508,2.1821,0
21001A451,CHIREC - HOPITAL SARE,"Jules Graindorlaan 66, 1070 Anderlecht","CHIREC - HOPITAL SARE -- Jules Graindorlaan 66, 1070 Anderlecht","c(4.31689484186574, 50.8452841)",1,1,1,2025-10-11T08:00:00Z,2025-10-11T08:10:50Z,vehicle,car,3967,650,552,2.3028,0
21001A492,CHIREC - HOPITAL SARE,"Jules Graindorlaan 66, 1070 Anderlecht","CHIREC - HOPITAL SARE -- Jules Graindorlaan 66, 1070 Anderlecht","c(4.31689484186574, 50.8452841)",1,1,1,2025-10-11T08:00:00Z,2025-10-11T08:12:40Z,vehicle,car,5276,760,642,2.8966,0
21001A503,CHIREC - HOPITAL SARE,"Jules Graindorlaan 66, 1070 Anderlecht","CHIREC - HOPITAL SARE -- Jules Graindorlaan 66, 1070 Anderlecht","c(4.31689484186574, 50.8452841)",1,1,1,2025-10-11T08:00:00Z,2025-10-11T08:11:26Z,vehicle,car,4325,686,576,2.4994,0
21001A51-,CHIREC - HOPITAL SARE,"Jules Graindorlaan 66, 1070 Anderlecht","CHIREC - HOPITAL SARE -- Jules Graindorlaan 66, 1070 Anderlecht","c(4.31689484186574, 50.8452841)",1,1,1,2025-10-11T08:00:00Z,2025-10-11T08:10:14Z,vehicle,car,3651,614,567,2.1309,0
21001A552,CHIREC - HOPITAL SARE,"Jules Graindorlaan 66, 1070 Anderlecht","CHIREC - HOPITAL SARE -- Jules Graindorlaan 66, 1070 Anderlecht","c(4.31689484186574, 50.8452841)",1,1,1,2025-10-11T08:00:00Z,2025-10-11T08:11:37Z,vehicle,car,4251,697,590,2.4687,0
21001C512,CHIREC - HOPITAL SARE,"Jules Graindorlaan 66, 1070 Anderlecht","CHIREC - HOPITAL SARE -- Jules Graindorlaan 66, 1070 Anderlecht","c(4.31689484186574, 50.8452841)",1,1,1,2025-10-11T08:00:00Z,2025-10-11T08:13:07Z,vehicle,car,5246,787,666,2.8885,0
21001C522,CHIREC - HOPITAL SARE,"Jules Graindorlaan 66, 1070 Anderlecht","CHIREC - HOPITAL SARE -- Jules Graindorlaan 66, 1070 Anderlecht","c(4.31689484186574, 50.8452841)",1,1,1,2025-10-11T08:00:00Z,2025-10-11T08:14:39Z,vehicle,car,6151,879,752,3.3301,0
21001C5MA,CHIREC - HOPITAL SARE,"Jules Graindorlaan 66, 1070 Anderlecht","CHIREC - HOPITAL SARE -- Jules Graindorlaan 66, 1070 Anderlecht","c(4.31689484186574, 50.8452841)",1,1,1,2025-10-11T08:00:00Z,2025-10-11T08:12:25Z,vehicle,car,6576,745,679,3.1527,0
21001C5PA,CHIREC - HOPITAL SARE,"Jules Graindorlaan 66, 1070 Anderlecht","CHIREC - HOPITAL SARE -- Jules Graindorlaan 66, 1070 Anderlecht","c(4.31689484186574, 50.8452841)",1,1,1,2025-10-11T08:00:00Z,2025-10-11T08:16:56Z,vehicle,car,6839,1016,942,3.7603,0
21001C611,CHIREC - HOPITAL SARE,"Jules Graindorlaan 66, 1070 Anderlecht","CHIREC - HOPITAL SARE -- Jules Graindorlaan 66, 1070 Anderlecht","c(4.31689484186574, 50.8452841)",1,1,1,2025-10-11T08:00:00Z,2025-10-11T08:11:19Z,vehicle,car,4279,679,617,2.3953,0
21001C6MB,CHIREC - HOPITAL SARE,"Jules Graindorlaan 66, 1070 Anderlecht","CHIREC - HOPITAL SARE -- Jules Graindorlaan 66, 1070 Anderlecht","c(4.31689484186574, 50.8452841)",1,1,1,2025-10-11T08:00:00Z,2025-10-11T08:12:49Z,vehicle,car,6504,769,707,3.192,0
21001C6PB,CHIREC - HOPITAL SARE,"Jules Graindorlaan 66, 1070 Anderlecht","CHIREC - HOPITAL SARE -- Jules Graindorlaan 66, 1070 Anderlecht","c(4.31689484186574, 50.8452841)",1,1,1,2025-10-11T08:00:00Z,2025-10-11T08:14:18Z,vehicle,car,5906,858,786,3.3084,0
21001C70-,CHIREC - HOPITAL SARE,"Jules Graindorlaan 66, 1070 Anderlecht","CHIREC - HOPITAL SARE -- Jules Graindorlaan 66, 1070 Anderlecht","c(4.31689484186574, 50.8452841)",1,1,1,2025-10-11T08:00:00Z,2025-10-11T08:10:10Z,vehicle,car,3925,610,548,2.1965,0
21001C79-,CHIREC - HOPITAL SARE,"Jules Graindorlaan 66, 1070 Anderlecht","CHIREC - HOPITAL SARE -- Jules Graindorlaan 66, 1070 Anderlecht","c(4.31689484186574, 50.8452841)",1,1,1,2025-10-11T08:00:00Z,2025-10-11T08:11:59Z,vehicle,car,4541,719,650,2.5373,0
21003A283,CHIREC - HOPITAL SARE,"Jules Graindorlaan 66, 1070 Anderlecht","CHIREC - HOPITAL SARE -- Jules Graindorlaan 66, 1070 Anderlecht","c(4.31689484186574, 50.8452841)",1,1,1,2025-10-11T08:00:00Z,2025-10-11T08:14:01Z,vehicle,car,5005,841,702,2.852,0
21004A001,CHIREC - HOPITAL SARE,"Jules Graindorlaan 66, 1070 Anderlecht","CHIREC - HOPITAL SARE -- Jules Graindorlaan 66, 1070 Anderlecht","c(4.31689484186574, 50.8452841)",1,1,1,2025-10-11T08:00:00Z,2025-10-11T08:11:32Z,vehicle,car,3204,692,567,2.2736,0
21004A002,CHIREC - HOPITAL SARE,"Jules Graindorlaan 66, 1070 Anderlecht","CHIREC - HOPITAL SARE -- Jules Graindorlaan 66, 1070 Anderlecht","c(4.31689484186574, 50.8452841)",1,1,1,2025-10-11T08:00:00Z,2025-10-11T08:11:32Z,vehicle,car,3229,692,567,2.2971,0
21004A01-,CHIREC - HOPITAL SARE,"Jules Graindorlaan 66, 1070 Anderlecht","CHIREC - HOPITAL SARE -- Jules Graindorlaan 66, 1070 Anderlecht","c(4.31689484186574, 50.8452841)",1,1,1,2025-10-11T08:00:00Z,2025-10-11T08:14:43Z,vehicle,car,3989,883,728,2.7926,0
21004A02-,CHIREC - HOPITAL SARE,"Jules Graindorlaan 66, 1070 Anderlecht","CHIREC - HOPITAL SARE -- Jules Graindorlaan 66, 1070 Anderlecht","c(4.31689484186574, 50.8452841)",1,1,1,2025-10-11T08:00:00Z,2025-10-11T08:10:01Z,vehicle,car,3002,601,490,2.0473,0
21004A03-,CHIREC - HOPITAL SARE,"Jules Graindorlaan 66, 1070 Anderlecht","CHIREC - HOPITAL SARE -- Jules Graindorlaan 66, 1070 Anderlecht","c(4.31689484186574, 50.8452841)",1,1,1,2025-10-11T08:00:00Z,2025-10-11T08:10:05Z,vehicle,car,3067,605,494,2.0795,0
21004A04-,CHIREC - HOPITAL SARE,"Jules Graindorlaan 66, 1070 Anderlecht","CHIREC - HOPITAL SARE -- Jules Graindorlaan 66, 1070 Anderlecht","c(4.31689484186574, 50.8452841)",1,1,1,2025-10-11T08:00:00Z,2025-10-11T08:13:41Z,vehicle,car,4233,821,657,2.7578,0
21004A20-,CHIREC - HOPITAL SARE,"Jules Graindorlaan 66, 1070 Anderlecht","CHIREC - HOPITAL SARE -- Jules Graindorlaan 66, 1070 Anderlecht","c(4.31689484186574, 50.8452841)",1,1,1,2025-10-11T08:00:00Z,2025-10-11T08:09:21Z,vehicle,car,2918,561,461,1.9338,0
21004A21-,CHIREC - HOPITAL SARE,"Jules Graindorlaan 66, 1070 Anderlecht","CHIREC - HOPITAL SARE -- Jules Graindorlaan 66, 1070 Anderlecht","c(4.31689484186574, 50.8452841)",1,1,1,2025-10-11T08:00:00Z,2025-10-11T08:09:13Z,vehicle,car,2897,553,452,1.9362,0
21004A23-,CHIREC - HOPITAL SARE,"Jules Graindorlaan 66, 1070 Anderlecht","CHIREC - HOPITAL SARE -- Jules Graindorlaan 66, 1070 Anderlecht","c(4.31689484186574, 50.8452841)",1,1,1,2025-10-11T08:00:00Z,2025-10-11T08:07:36Z,vehicle,car,2391,456,398,1.6151,0
21004A24-,CHIREC - HOPITAL SARE,"Jules Graindorlaan 66, 1070 Anderlecht","CHIREC - HOPITAL SARE -- Jules Graindorlaan 66, 1070 Anderlecht","c(4.31689484186574, 50.8452841)",1,1,1,2025-10-11T08:00:00Z,2025-10-11T08:08:33Z,vehicle,car,2764,513,440,1.8108,0
21004A25-,CHIREC - HOPITAL SARE,"Jules Graindorlaan 66, 1070 Anderlecht","CHIREC - HOPITAL SARE -- Jules Graindorlaan 66, 1070 Anderlecht","c(4.31689484186574, 50.8452841)",1,1,1,2025-10-11T08:00:00Z,2025-10-11T08:12:10Z,vehicle,car,3627,730,603,2.434,0
21004A34-,CHIREC - HOPITAL SARE,"Jules Graindorlaan 66, 1070 Anderlecht","CHIREC - HOPITAL SARE -- Jules Graindorlaan 66, 1070 Anderlecht","c(4.31689484186574, 50.8452841)",1,1,1,2025-10-11T08:00:00Z,2025-10-11T08:14:21Z,vehicle,car,4001,861,710,2.8706,0
21004A70-,CHIREC - HOPITAL SARE,"Jules Graindorlaan 66, 1070 Anderlecht","CHIREC - HOPITAL SARE -- Jules Graindorlaan 66, 1070 Anderlecht","c(4.31689484186574, 50.8452841)",1,1,1,2025-10-11T08:00:00Z,2025-10-11T08:10:16Z,vehicle,car,3164,616,515,2.0975,0
21004A71-,CHIREC - HOPITAL SARE,"Jules Graindorlaan 66, 1070 Anderlecht","CHIREC - HOPITAL SARE -- Jules Graindorlaan 66, 1070 Anderlecht","c(4.31689484186574, 50.8452841)",1,1,1,2025-10-11T08:00:00Z,2025-10-11T08:11:38Z,vehicle,car,3667,698,554,2.3597,0
21004A811,CHIREC - HOPITAL SARE,"Jules Graindorlaan 66, 1070 Anderlecht","CHIREC - HOPITAL SARE -- Jules Graindorlaan 66, 1070 Anderlecht","c(4.31689484186574, 50.8452841)",1,1,1,2025-10-11T08:00:00Z,2025-10-11T08:09:38Z,vehicle,car,3148,578,497,2.0322,0
21004A822,CHIREC - HOPITAL SARE,"Jules Graindorlaan 66, 1070 Anderlecht","CHIREC - HOPITAL SARE -- Jules Graindorlaan 66, 1070 Anderlecht","c(4.31689484186574, 50.8452841)",1,1,1,2025-10-11T08:00:00Z,2025-10-11T08:10:40Z,vehicle,car,3453,640,543,2.2305,0
21004A83-,CHIREC - HOPITAL SARE,"Jules Graindorlaan 66, 1070 Anderlecht","CHIREC - HOPITAL SARE -- Jules Graindorlaan 66, 1070 Anderlecht","c(4.31689484186574, 50.8452841)",1,1,1,2025-10-11T08:00:00Z,2025-10-11T08:12:51Z,vehicle,car,3788,771,638,2.5446,0
21007A373,CHIREC - HOPITAL SARE,"Jules Graindorlaan 66, 1070 Anderlecht","CHIREC - HOPITAL SARE -- Jules Graindorlaan 66, 1070 Anderlecht","c(4.31689484186574, 50.8452841)",1,1,1,2025-10-11T08:00:00Z,2025-10-11T08:11:27Z,vehicle,car,4705,687,586,2.6567,0
21007A40-,CHIREC - HOPITAL SARE,"Jules Graindorlaan 66, 1070 Anderlecht","CHIREC - HOPITAL SARE -- Jules Graindorlaan 66, 1070 Anderlecht","c(4.31689484186574, 50.8452841)",1,1,1,2025-10-11T08:00:00Z,2025-10-11T08:13:10Z,vehicle,car,5148,790,687,2.9008,0
21007A41-,CHIREC - HOPITAL SARE,"Jules Graindorlaan 66, 1070 Anderlecht","CHIREC - HOPITAL SARE -- Jules Graindorlaan 66, 1070 Anderlecht","c(4.31689484186574, 50.8452841)",1,1,1,2025-10-11T08:00:00Z,2025-10-11T08:11:35Z,vehicle,car,4704,695,588,2.6479,0
21007A50-,CHIREC - HOPITAL SARE,"Jules Graindorlaan 66, 1070 Anderlecht","CHIREC - HOPITAL SARE -- Jules Graindorlaan 66, 1070 Anderlecht","c(4.31689484186574, 50.8452841)",1,1,1,2025-10-11T08:00:00Z,2025-10-11T08:13:32Z,vehicle,car,4774,812,702,2.8505,0
21007A52-,CHIREC - HOPITAL SARE,"Jules Graindorlaan 66, 1070 Anderlecht","CHIREC - HOPITAL SARE -- Jules Graindorlaan 66, 1070 Anderlecht","c(4.31689484186574, 50.8452841)",1,1,1,2025-10-11T08:00:00Z,2025-10-11T08:13:27Z,vehicle,car,5262,807,686,2.9397,0
21007A53-,CHIREC - HOPITAL SARE,"Jules Graindorlaan 66, 1070 Anderlecht","CHIREC - HOPITAL SARE -- Jules Graindorlaan 66, 1070 Anderlecht","c(4.31689484186574, 50.8452841)",1,1,1,2025-10-11T08:00:00Z,2025-10-11T08:13:06Z,vehicle,car,4435,786,677,2.681,0
21007A541,CHIREC - HOPITAL SARE,"Jules Graindorlaan 66, 1070 Anderlecht","CHIREC - HOPITAL SARE -- Jules Graindorlaan 66, 1070 Anderlecht","c(4.31689484186574, 50.8452841)",1,1,1,2025-10-11T08:00:00Z,2025-10-11T08:12:37Z,vehicle,car,4357,757,645,2.5757,0
21007A60-,CHIREC - HOPITAL SARE,"Jules Graindorlaan 66, 1070 Anderlecht","CHIREC - HOPITAL SARE -- Jules Graindorlaan 66, 1070 Anderlecht","c(4.31689484186574, 50.8452841)",1,1,1,2025-10-11T08:00:00Z,2025-10-11T08:10:59Z,vehicle,car,3719,659,572,2.3377,0
21007A61-,CHIREC - HOPITAL SARE,"Jules Graindorlaan 66, 1070 Anderlecht","CHIREC - HOPITAL SARE -- Jules Graindorlaan 66, 1070 Anderlecht","c(4.31689484186574, 50.8452841)",1,1,1,2025-10-11T08:00:00Z,2025-10-11T08:11:33Z,vehicle,car,3935,693,606,2.4122,0
21007A783,CHIREC - HOPITAL SARE,"Jules Graindorlaan 66, 1070 Anderlecht","CHIREC - HOPITAL SARE -- Jules Graindorlaan 66, 1070 Anderlecht","c(4.31689484186574, 50.8452841)",1,1,1,2025-10-11T08:00:00Z,2025-10-11T08:13:34Z,vehicle,car,4559,814,703,2.6433,0
21008A19-,CHIREC - HOPITAL SARE,"Jules Graindorlaan 66, 1070 Anderlecht","CHIREC - HOPITAL SARE -- Jules Graindorlaan 66, 1070 Anderlecht","c(4.31689484186574, 50.8452841)",1,1,1,2025-10-11T08:00:00Z,2025-10-11T08:10:47Z,vehicle,car,3597,647,547,2.0526,0
21013A121,CHIREC - HOPITAL SARE,"Jules Graindorlaan 66, 1070 Anderlecht","CHIREC - HOPITAL SARE -- Jules Graindorlaan 66, 1070 Anderlecht","c(4.31689484186574, 50.8452841)",1,1,1,2025-10-11T08:00:00Z,2025-10-11T08:12:09Z,vehicle,car,4043,729,627,2.4393,0
21013A13-,CHIREC - HOPITAL SARE,"Jules Graindorlaan 66, 1070 Anderlecht","CHIREC - HOPITAL SARE -- Jules Graindorlaan 66, 1070 Anderlecht","c(4.31689484186574, 50.8452841)",1,1,1,2025-10-11T08:00:00Z,2025-10-11T08:12:16Z,vehicle,car,3969,736,613,2.4623,0
21013A211,CHIREC - HOPITAL SARE,"Jules Graindorlaan 66, 1070 Anderlecht","CHIREC - HOPITAL SARE -- Jules Graindorlaan 66, 1070 Anderlecht","c(4.31689484186574, 50.8452841)",1,1,1,2025-10-11T08:00:00Z,2025-10-11T08:11:15Z,vehicle,car,3665,675,549,2.3562,0
21013A22-,CHIREC - HOPITAL SARE,"Jules Graindorlaan 66, 1070 Anderlecht","CHIREC - HOPITAL SARE -- Jules Graindorlaan 66, 1070 Anderlecht","c(4.31689484186574, 50.8452841)",1,1,1,2025-10-11T08:00:00Z,2025-10-11T08:10:55Z,vehicle,car,3705,655,564,2.2782,0
21013A23-,CHIREC - HOPITAL SARE,"Jules Graindorlaan 66, 1070 Anderlecht","CHIREC - HOPITAL SARE -- Jules Graindorlaan 66, 1070 Anderlecht","c(4.31689484186574, 50.8452841)",1,1,1,2025-10-11T08:00:00Z,2025-10-11T08:09:54Z,vehicle,car,3350,594,507,2.1459,0
21013A242,CHIREC - HOPITAL SARE,"Jules Graindorlaan 66, 1070 Anderlecht","CHIREC - HOPITAL SARE -- Jules Graindorlaan 66, 1070 Anderlecht","c(4.31689484186574, 50.8452841)",1,1,1,2025-10-11T08:00:00Z,2025-10-11T08:11:33Z,vehicle,car,3695,693,566,2.377,0
21013A252,CHIREC - HOPITAL SARE,"Jules Graindorlaan 66, 1070 Anderlecht","CHIREC - HOPITAL SARE -- Jules Graindorlaan 66, 1070 Anderlecht","c(4.31689484186574, 50.8452841)",1,1,1,2025-10-11T08:00:00Z,2025-10-11T08:10:23Z,vehicle,car,3541,623,534,2.2584,0
21013A422,CHIREC - HOPITAL SARE,"Jules Graindorlaan 66, 1070 Anderlecht","CHIREC - HOPITAL SARE -- Jules Graindorlaan 66, 1070 Anderlecht","c(4.31689484186574, 50.8452841)",1,1,1,2025-10-11T08:00:00Z,2025-10-11T08:12:24Z,vehicle,car,4090,744,643,2.4757,0
23016A011,CHIREC - HOPITAL SARE,"Jules Graindorlaan 66, 1070 Anderlecht","CHIREC - HOPITAL SARE -- Jules Graindorlaan 66, 1070 Anderlecht","c(4.31689484186574, 50.8452841)",1,1,1,2025-10-11T08:00:00Z,2025-10-11T08:11:26Z,vehicle,car,4921,686,616,2.5827,0
23016A032,CHIREC - HOPITAL SARE,"Jules Graindorlaan 66, 1070 Anderlecht","CHIREC - HOPITAL SARE -- Jules Graindorlaan 66, 1070 Anderlecht","c(4.31689484186574, 50.8452841)",1,1,1,2025-10-11T08:00:00Z,2025-10-11T08:12:57Z,vehicle,car,5360,777,693,2.8101,0
23016A302,CHIREC - HOPITAL SARE,"Jules Graindorlaan 66, 1070 Anderlecht","CHIREC - HOPITAL SARE -- Jules Graindorlaan 66, 1070 Anderlecht","c(4.31689484186574, 50.8452841)",1,1,1,2025-10-11T08:00:00Z,2025-10-11T08:15:00Z,vehicle,car,6638,900,817,3.5263,0
23016A391,CHIREC - HOPITAL SARE,"Jules Graindorlaan 66, 1070 Anderlecht","CHIREC - HOPITAL SARE -- Jules Graindorlaan 66, 1070 Anderlecht","c(4.31689484186574, 50.8452841)",1,1,1,2025-10-11T08:00:00Z,2025-10-11T08:14:09Z,vehicle,car,6447,849,772,3.4054,0
23016A402,CHIREC - HOPITAL SARE,"Jules Graindorlaan 66, 1070 Anderlecht","CHIREC - HOPITAL SARE -- Jules Graindorlaan 66, 1070 Anderlecht","c(4.31689484186574, 50.8452841)",1,1,1,2025-10-11T08:00:00Z,2025-10-11T08:13:51Z,vehicle,car,6692,831,735,3.192,0
23016A491,CHIREC - HOPITAL SARE,"Jules Graindorlaan 66, 1070 Anderlecht","CHIREC - HOPITAL SARE -- Jules Graindorlaan 66, 1070 Anderlecht","c(4.31689484186574, 50.8452841)",1,1,1,2025-10-11T08:00:00Z,2025-10-11T08:14:46Z,vehicle,car,6164,886,811,3.2322,0
23016A512,CHIREC - HOPITAL SARE,"Jules Graindorlaan 66, 1070 Anderlecht","CHIREC - HOPITAL SARE -- Jules Graindorlaan 66, 1070 Anderlecht","c(4.31689484186574, 50.8452841)",1,1,1,2025-10-11T08:00:00Z,2025-10-11T08:16:55Z,vehicle,car,8848,1015,934,4.2672,0
23016A591,CHIREC - HOPITAL SARE,"Jules Graindorlaan 66, 1070 Anderlecht","CHIREC - HOPITAL SARE -- Jules Graindorlaan 66, 1070 Anderlecht","c(4.31689484186574, 50.8452841)",1,1,1,2025-10-11T08:00:00Z,2025-10-11T08:13:58Z,vehicle,car,6360,838,758,3.3389,0
23016B081,CHIREC - HOPITAL SARE,"Jules Graindorlaan 66, 1070 Anderlecht","CHIREC - HOPITAL SARE -- Jules Graindorlaan 66, 1070 Anderlecht","c(4.31689484186574, 50.8452841)",1,1,1,2025-10-11T08:00:00Z,2025-10-11T08:17:46Z,vehicle,car,10199,1066,945,4.8242,0
23016B112,CHIREC - HOPITAL SARE,"Jules Graindorlaan 66, 1070 Anderlecht","CHIREC - HOPITAL SARE -- Jules Graindorlaan 66, 1070 Anderlecht","c(4.31689484186574, 50.8452841)",1,1,1,2025-10-11T08:00:00Z,2025-10-11T08:15:29Z,vehicle,car,8573,929,843,4.1035,0
23016C042,CHIREC - HOPITAL SARE,"Jules Graindorlaan 66, 1070 Anderlecht","CHIREC - HOPITAL SARE -- Jules Graindorlaan 66, 1070 Anderlecht","c(4.31689484186574, 50.8452841)",1,1,1,2025-10-11T08:00:00Z,2025-10-11T08:14:55Z,vehicle,car,8274,895,809,3.9692,0
23016C053,CHIREC - HOPITAL SARE,"Jules Graindorlaan 66, 1070 Anderlecht","CHIREC - HOPITAL SARE -- Jules Graindorlaan 66, 1070 Anderlecht","c(4.31689484186574, 50.8452841)",1,1,1,2025-10-11T08:00:00Z,2025-10-11T08:16:02Z,vehicle,car,8574,962,875,4.1094,0
23016D00-,CHIREC - HOPITAL SARE,"Jules Graindorlaan 66, 1070 Anderlecht","CHIREC - HOPITAL SARE -- Jules Graindorlaan 66, 1070 Anderlecht","c(4.31689484186574, 50.8452841)",1,1,1,2025-10-11T08:00:00Z,2025-10-11T08:12:26Z,vehicle,car,5755,746,668,2.8216,0
23016D012,CHIREC - HOPITAL SARE,"Jules Graindorlaan 66, 1070 Anderlecht","CHIREC - HOPITAL SARE -- Jules Graindorlaan 66, 1070 Anderlecht","c(4.31689484186574, 50.8452841)",1,1,1,2025-10-11T08:00:00Z,2025-10-11T08:12:49Z,vehicle,car,6272,769,687,2.9188,0
23016D091,CHIREC - HOPITAL SARE,"Jules Graindorlaan 66, 1070 Anderlecht","CHIREC - HOPITAL SARE -- Jules Graindorlaan 66, 1070 Anderlecht","c(4.31689484186574, 50.8452841)",1,1,1,2025-10-11T08:00:00Z,2025-10-11T08:14:00Z,vehicle,car,6688,840,758,3.3708,0
23016D182,CHIREC - HOPITAL SARE,"Jules Graindorlaan 66, 1070 Anderlecht","CHIREC - HOPITAL SARE -- Jules Graindorlaan 66, 1070 Anderlecht","c(4.31689484186574, 50.8452841)",1,1,1,2025-10-11T08:00:00Z,2025-10-11T08:16:06Z,vehicle,car,9362,966,872,4.4295,0
23016D19-,CHIREC - HOPITAL SARE,"Jules Graindorlaan 66, 1070 Anderlecht","CHIREC - HOPITAL SARE -- Jules Graindorlaan 66, 1070 Anderlecht","c(4.31689484186574, 50.8452841)",1,1,1,2025-10-11T08:00:00Z,2025-10-11T08:14:45Z,vehicle,car,8580,885,808,3.8963,0
23016D211,CHIREC - HOPITAL SARE,"Jules Graindorlaan 66, 1070 Anderlecht","CHIREC - HOPITAL SARE -- Jules Graindorlaan 66, 1070 Anderlecht","c(4.31689484186574, 50.8452841)",1,1,1,2025-10-11T08:00:00Z,2025-10-11T08:13:18Z,vehicle,car,6925,798,711,3.2181,0
23016D222,CHIREC - HOPITAL SARE,"Jules Graindorlaan 66, 1070 Anderlecht","CHIREC - HOPITAL SARE -- Jules Graindorlaan 66, 1070 Anderlecht","c(4.31689484186574, 50.8452841)",1,1,1,2025-10-11T08:00:00Z,2025-10-11T08:15:43Z,vehicle,car,8417,943,857,3.9163,0
23016D281,CHIREC - HOPITAL SARE,"Jules Graindorlaan 66, 1070 Anderlecht","CHIREC - HOPITAL SARE -- Jules Graindorlaan 66, 1070 Anderlecht","c(4.31689484186574, 50.8452841)",1,1,1,2025-10-11T08:00:00Z,2025-10-11T08:15:22Z,vehicle,car,8095,922,813,4.0634,0
23016E01-,CHIREC - HOPITAL SARE,"Jules Graindorlaan 66, 1070 Anderlecht","CHIREC - HOPITAL SARE -- Jules Graindorlaan 66, 1070 Anderlecht","c(4.31689484186574, 50.8452841)",1,1,1,2025-10-11T08:00:00Z,2025-10-11T08:15:56Z,vehicle,car,8820,956,870,3.9629,0
23016E042,CHIREC - HOPITAL SARE,"Jules Graindorlaan 66, 1070 Anderlecht","CHIREC - HOPITAL SARE -- Jules Graindorlaan 66, 1070 Anderlecht","c(4.31689484186574, 50.8452841)",1,1,1,2025-10-11T08:00:00Z,2025-10-11T08:16:56Z,vehicle,car,9181,1016,927,4.3021,0
23016E10-,CHIREC - HOPITAL SARE,"Jules Graindorlaan 66, 1070 Anderlecht","CHIREC - HOPITAL SARE -- Jules Graindorlaan 66, 1070 Anderlecht","c(4.31689484186574, 50.8452841)",1,1,1,2025-10-11T08:00:00Z,2025-10-11T08:16:51Z,vehicle,car,9485,1011,907,4.5255,0
23016E18-,CHIREC - HOPITAL SARE,"Jules Graindorlaan 66, 1070 Anderlecht","CHIREC - HOPITAL SARE -- Jules Graindorlaan 66, 1070 Anderlecht","c(4.31689484186574, 50.8452841)",1,1,1,2025-10-11T08:00:00Z,2025-10-11T08:18:21Z,vehicle,car,10086,1101,995,4.8422,0
23016E191,CHIREC - HOPITAL SARE,"Jules Graindorlaan 66, 1070 Anderlecht","CHIREC - HOPITAL SARE -- Jules Graindorlaan 66, 1070 Anderlecht","c(4.31689484186574, 50.8452841)",1,1,1,2025-10-11T08:00:00Z,2025-10-11T08:18:17Z,vehicle,car,9951,1097,991,4.7025,0
23016E29-,CHIREC - HOPITAL SARE,"Jules Graindorlaan 66, 1070 Anderlecht","CHIREC - HOPITAL SARE -- Jules Graindorlaan 66, 1070 Anderlecht","c(4.31689484186574, 50.8452841)",1,1,1,2025-10-11T08:00:00Z,2025-10-11T08:16:11Z,vehicle,car,8399,971,882,4.0314,0
23016F290,CHIREC - HOPITAL SARE,"Jules Graindorlaan 66, 1070 Anderlecht","CHIREC - HOPITAL SARE -- Jules Graindorlaan 66, 1070 Anderlecht","c(4.31689484186574, 50.8452841)",1,1,1,2025-10-11T08:00:00Z,2025-10-11T08:17:04Z,vehicle,car,8065,1024,918,4.1508,0
23077D00-,CHIREC - HOPITAL SARE,"Jules Graindorlaan 66, 1070 Anderlecht","CHIREC - HOPITAL SARE -- Jules Graindorlaan 66, 1070 Anderlecht","c(4.31689484186574, 50.8452841)",1,1,1,2025-10-11T08:00:00Z,2025-10-11T08:16:07Z,vehicle,car,9155,967,888,4.263,0
23077D012,CHIREC - HOPITAL SARE,"Jules Graindorlaan 66, 1070 Anderlecht","CHIREC - HOPITAL SARE -- Jules Graindorlaan 66, 1070 Anderlecht","c(4.31689484186574, 50.8452841)",1,1,1,2025-10-11T08:00:00Z,2025-10-11T08:15:52Z,vehicle,car,9089,952,872,4.182,0
23077D023,CHIREC - HOPITAL SARE,"Jules Graindorlaan 66, 1070 Anderlecht","CHIREC - HOPITAL SARE -- Jules Graindorlaan 66, 1070 Anderlecht","c(4.31689484186574, 50.8452841)",1,1,1,2025-10-11T08:00:00Z,2025-10-11T08:15:32Z,vehicle,car,8971,932,856,4.1462,0
23077D091,CHIREC - HOPITAL SARE,"Jules Graindorlaan 66, 1070 Anderlecht","CHIREC - HOPITAL SARE -- Jules Graindorlaan 66, 1070 Anderlecht","c(4.31689484186574, 50.8452841)",1,1,1,2025-10-11T08:00:00Z,2025-10-11T08:16:09Z,vehicle,car,9332,969,888,4.3321,0
23104B19-,CHIREC - HOPITAL SARE,"Jules Graindorlaan 66, 1070 Anderlecht","CHIREC - HOPITAL SARE -- Jules Graindorlaan 66, 1070 Anderlecht","c(4.31689484186574, 50.8452841)",1,1,1,2025-10-11T08:00:00Z,2025-10-11T08:18:24Z,vehicle,car,11562,1104,1016,5.0349,0
23003B01-,CHIREC - HOPITAL SARE,"RUE WAYEZ 35, 1420, BRAINE-L'ALLEUD","CHIREC - HOPITAL SARE -- RUE WAYEZ 35, 1420, BRAINE-L'ALLEUD","c(4.36759047644878, 50.6844807)",1,1,1,2025-10-11T08:00:00Z,2025-10-11T08:14:32Z,vehicle,car,8452,872,777,4.0722,0
23003B02-,CHIREC - HOPITAL SARE,"RUE WAYEZ 35, 1420, BRAINE-L'ALLEUD","CHIREC - HOPITAL SARE -- RUE WAYEZ 35, 1420, BRAINE-L'ALLEUD","c(4.36759047644878, 50.6844807)",1,1,1,2025-10-11T08:00:00Z,2025-10-11T08:16:58Z,vehicle,car,9557,1018,917,4.6748,0
23003B043,CHIREC - HOPITAL SARE,"RUE WAYEZ 35, 1420, BRAINE-L'ALLEUD","CHIREC - HOPITAL SARE -- RUE WAYEZ 35, 1420, BRAINE-L'ALLEUD","c(4.36759047644878, 50.6844807)",1,1,1,2025-10-11T08:00:00Z,2025-10-11T08:15:30Z,vehicle,car,9188,930,828,4.4299,0
23003B09-,CHIREC - HOPITAL SARE,"RUE WAYEZ 35, 1420, BRAINE-L'ALLEUD","CHIREC - HOPITAL SARE -- RUE WAYEZ 35, 1420, BRAINE-L'ALLEUD","c(4.36759047644878, 50.6844807)",1,1,1,2025-10-11T08:00:00Z,2025-10-11T08:16:01Z,vehicle,car,9541,961,857,4.4789,0
23027A11-,CHIREC - HOPITAL SARE,"RUE WAYEZ 35, 1420, BRAINE-L'ALLEUD","CHIREC - HOPITAL SARE -- RUE WAYEZ 35, 1420, BRAINE-L'ALLEUD","c(4.36759047644878, 50.6844807)",1,1,1,2025-10-11T08:00:00Z,2025-10-11T08:17:50Z,vehicle,car,14074,1070,988,6.0556,0
23027A12-,CHIREC - HOPITAL SARE,"RUE WAYEZ 35, 1420, BRAINE-L'ALLEUD","CHIREC - HOPITAL SARE -- RUE WAYEZ 35, 1420, BRAINE-L'ALLEUD","c(4.36759047644878, 50.6844807)",1,1,1,2025-10-11T08:00:00Z,2025-10-11T08:18:48Z,vehicle,car,14596,1128,1029,6.3729,0
23027A131,CHIREC - HOPITAL SARE,"RUE WAYEZ 35, 1420, BRAINE-L'ALLEUD","CHIREC - HOPITAL SARE -- RUE WAYEZ 35, 1420, BRAINE-L'ALLEUD","c(4.36759047644878, 50.6844807)",1,1,1,2025-10-11T08:00:00Z,2025-10-11T08:17:35Z,vehicle,car,13981,1055,973,5.9794,0
23027C01-,CHIREC - HOPITAL SARE,"RUE WAYEZ 35, 1420, BRAINE-L'ALLEUD","CHIREC - HOPITAL SARE -- RUE WAYEZ 35, 1420, BRAINE-L'ALLEUD","c(4.36759047644878, 50.6844807)",1,1,1,2025-10-11T08:00:00Z,2025-10-11T08:22:10Z,vehicle,car,17492,1330,1237,7.5893,0
23062A321,CHIREC - HOPITAL SARE,"RUE WAYEZ 35, 1420, BRAINE-L'ALLEUD","CHIREC - HOPITAL SARE -- RUE WAYEZ 35, 1420, BRAINE-L'ALLEUD","c(4.36759047644878, 50.6844807)",1,1,1,2025-10-11T08:00:00Z,2025-10-11T08:21:37Z,vehicle,car,13253,1297,1132,5.9921,0
23062A332,CHIREC - HOPITAL SARE,"RUE WAYEZ 35, 1420, BRAINE-L'ALLEUD","CHIREC - HOPITAL SARE -- RUE WAYEZ 35, 1420, BRAINE-L'ALLEUD","c(4.36759047644878, 50.6844807)",1,1,1,2025-10-11T08:00:00Z,2025-10-11T08:23:48Z,vehicle,car,13567,1428,1265,6.4627,0
23062A381,CHIREC - HOPITAL SARE,"RUE WAYEZ 35, 1420, BRAINE-L'ALLEUD","CHIREC - HOPITAL SARE -- RUE WAYEZ 35, 1420, BRAINE-L'ALLEUD","c(4.36759047644878, 50.6844807)",1,1,1,2025-10-11T08:00:00Z,2025-10-11T08:25:18Z,vehicle,car,15456,1518,1326,6.9503,0
23101A40-,CHIREC - HOPITAL SARE,"RUE WAYEZ 35, 1420, BRAINE-L'ALLEUD","CHIREC - HOPITAL SARE -- RUE WAYEZ 35, 1420, BRAINE-L'ALLEUD","c(4.36759047644878, 50.6844807)",1,1,1,2025-10-11T08:00:00Z,2025-10-11T08:20:05Z,vehicle,car,11915,1205,1068,5.66,0
25018A191,CHIREC - HOPITAL SARE,"RUE WAYEZ 35, 1420, BRAINE-L'ALLEUD","CHIREC - HOPITAL SARE -- RUE WAYEZ 35, 1420, BRAINE-L'ALLEUD","c(4.36759047644878, 50.6844807)",1,1,1,2025-10-11T08:00:00Z,2025-10-11T08:34:54Z,vehicle,car,34812,2094,1917,14.3074,0
25031A00-,CHIREC - HOPITAL SARE,"RUE WAYEZ 35, 1420, BRAINE-L'ALLEUD","CHIREC - HOPITAL SARE -- RUE WAYEZ 35, 1420, BRAINE-L'ALLEUD","c(4.36759047644878, 50.6844807)",1,1,1,2025-10-11T08:00:00Z,2025-10-11T08:18:21Z,vehicle,car,13467,1101,965,5.5916,0
25031A01-,CHIREC - HOPITAL SARE,"RUE WAYEZ 35, 1420, BRAINE-L'ALLEUD","CHIREC - HOPITAL SARE -- RUE WAYEZ 35, 1420, BRAINE-L'ALLEUD","c(4.36759047644878, 50.6844807)",1,1,1,2025-10-11T08:00:00Z,2025-10-11T08:17:59Z,vehicle,car,13148,1079,953,5.3945,0
25031B000,CHIREC - HOPITAL SARE,"RUE WAYEZ 35, 1420, BRAINE-L'ALLEUD","CHIREC - HOPITAL SARE -- RUE WAYEZ 35, 1420, BRAINE-L'ALLEUD","c(4.36759047644878, 50.6844807)",1,1,1,2025-10-11T08:00:00Z,2025-10-11T08:20:44Z,vehicle,car,16842,1244,1107,6.6261,0
25031B091,CHIREC - HOPITAL SARE,"RUE WAYEZ 35, 1420, BRAINE-L'ALLEUD","CHIREC - HOPITAL SARE -- RUE WAYEZ 35, 1420, BRAINE-L'ALLEUD","c(4.36759047644878, 50.6844807)",1,1,1,2025-10-11T08:00:00Z,2025-10-11T08:22:25Z,vehicle,car,17087,1345,1207,6.8463,0
25031B133,CHIREC - HOPITAL SARE,"RUE WAYEZ 35, 1420, BRAINE-L'ALLEUD","CHIREC - HOPITAL SARE -- RUE WAYEZ 35, 1420, BRAINE-L'ALLEUD","c(4.36759047644878, 50.6844807)",1,1,1,2025-10-11T08:00:00Z,2025-10-11T08:20:05Z,vehicle,car,15291,1205,1075,6.1382,0
25031B2AJ,CHIREC - HOPITAL SARE,"RUE WAYEZ 35, 1420, BRAINE-L'ALLEUD","CHIREC - HOPITAL SARE -- RUE WAYEZ 35, 1420, BRAINE-L'ALLEUD","c(4.36759047644878, 50.6844807)",1,1,1,2025-10-11T08:00:00Z,2025-10-11T08:22:33Z,vehicle,car,17603,1353,1205,7.0308,0
25031C11-,CHIREC - HOPITAL SARE,"RUE WAYEZ 35, 1420, BRAINE-L'ALLEUD","CHIREC - HOPITAL SARE -- RUE WAYEZ 35, 1420, BRAINE-L'ALLEUD","c(4.36759047644878, 50.6844807)",1,1,1,2025-10-11T08:00:00Z,2025-10-11T08:19:35Z,vehicle,car,15046,1175,1040,6.1312,0
25031C19-,CHIREC - HOPITAL SARE,"RUE WAYEZ 35, 1420, BRAINE-L'ALLEUD","CHIREC - HOPITAL SARE -- RUE WAYEZ 35, 1420, BRAINE-L'ALLEUD","c(4.36759047644878, 50.6844807)",1,1,1,2025-10-11T08:00:00Z,2025-10-11T08:22:45Z,vehicle,car,15579,1365,1204,6.5417,0
25031D00-,CHIREC - HOPITAL SARE,"RUE WAYEZ 35, 1420, BRAINE-L'ALLEUD","CHIREC - HOPITAL SARE -- RUE WAYEZ 35, 1420, BRAINE-L'ALLEUD","c(4.36759047644878, 50.6844807)",1,1,1,2025-10-11T08:00:00Z,2025-10-11T08:22:26Z,vehicle,car,17527,1346,1254,7.0576,0
25031D09-,CHIREC - HOPITAL SARE,"RUE WAYEZ 35, 1420, BRAINE-L'ALLEUD","CHIREC - HOPITAL SARE -- RUE WAYEZ 35, 1420, BRAINE-L'ALLEUD","c(4.36759047644878, 50.6844807)",1,1,1,2025-10-11T08:00:00Z,2025-10-11T08:23:48Z,vehicle,car,18110,1428,1336,7.3023,0
25031G082,CHIREC - HOPITAL SARE,"RUE WAYEZ 35, 1420, BRAINE-L'ALLEUD","CHIREC - HOPITAL SARE -- RUE WAYEZ 35, 1420, BRAINE-L'ALLEUD","c(4.36759047644878, 50.6844807)",1,1,1,2025-10-11T08:00:00Z,2025-10-11T08:20:53Z,vehicle,car,15312,1253,1126,6.4883,0
25044A49-,CHIREC - HOPITAL SARE,"RUE WAYEZ 35, 1420, BRAINE-L'ALLEUD","CHIREC - HOPITAL SARE -- RUE WAYEZ 35, 1420, BRAINE-L'ALLEUD","c(4.36759047644878, 50.6844807)",1,1,1,2025-10-11T08:00:00Z,2025-10-11T08:19:49Z,vehicle,car,14090,1189,1129,6.1733,0
25044C072,CHIREC - HOPITAL SARE,"RUE WAYEZ 35, 1420, BRAINE-L'ALLEUD","CHIREC - HOPITAL SARE -- RUE WAYEZ 35, 1420, BRAINE-L'ALLEUD","c(4.36759047644878, 50.6844807)",1,1,1,2025-10-11T08:00:00Z,2025-10-11T08:18:58Z,vehicle,car,13678,1138,1082,6.0716,0
25044C081,CHIREC - HOPITAL SARE,"RUE WAYEZ 35, 1420, BRAINE-L'ALLEUD","CHIREC - HOPITAL SARE -- RUE WAYEZ 35, 1420, BRAINE-L'ALLEUD","c(4.36759047644878, 50.6844807)",1,1,1,2025-10-11T08:00:00Z,2025-10-11T08:20:52Z,vehicle,car,15256,1252,1190,6.6329,0
25044C10-,CHIREC - HOPITAL SARE,"RUE WAYEZ 35, 1420, BRAINE-L'ALLEUD","CHIREC - HOPITAL SARE -- RUE WAYEZ 35, 1420, BRAINE-L'ALLEUD","c(4.36759047644878, 50.6844807)",1,1,1,2025-10-11T08:00:00Z,2025-10-11T08:22:15Z,vehicle,car,16079,1335,1268,7.2295,0
25072A29-,CHIREC - HOPITAL SARE,"RUE WAYEZ 35, 1420, BRAINE-L'ALLEUD","CHIREC - HOPITAL SARE -- RUE WAYEZ 35, 1420, BRAINE-L'ALLEUD","c(4.36759047644878, 50.6844807)",1,1,1,2025-10-11T08:00:00Z,2025-10-11T08:20:29Z,vehicle,car,19992,1229,1185,7.8573,0
25105A190,CHIREC - HOPITAL SARE,"RUE WAYEZ 35, 1420, BRAINE-L'ALLEUD","CHIREC - HOPITAL SARE -- RUE WAYEZ 35, 1420, BRAINE-L'ALLEUD","c(4.36759047644878, 50.6844807)",1,1,1,2025-10-11T08:00:00Z,2025-10-11T08:28:21Z,vehicle,car,18265,1701,1524,8.235,0
25105B090,CHIREC - HOPITAL SARE,"RUE WAYEZ 35, 1420, BRAINE-L'ALLEUD","CHIREC - HOPITAL SARE -- RUE WAYEZ 35, 1420, BRAINE-L'ALLEUD","c(4.36759047644878, 50.6844807)",1,1,1,2025-10-11T08:00:00Z,2025-10-11T08:25:54Z,vehicle,car,16726,1554,1414,7.5522,0
25105B172,CHIREC - HOPITAL SARE,"RUE WAYEZ 35, 1420, BRAINE-L'ALLEUD","CHIREC - HOPITAL SARE -- RUE WAYEZ 35, 1420, BRAINE-L'ALLEUD","c(4.36759047644878, 50.6844807)",1,1,1,2025-10-11T08:00:00Z,2025-10-11T08:23:03Z,vehicle,car,15636,1383,1256,7.1026,0
25105B190,CHIREC - HOPITAL SARE,"RUE WAYEZ 35, 1420, BRAINE-L'ALLEUD","CHIREC - HOPITAL SARE -- RUE WAYEZ 35, 1420, BRAINE-L'ALLEUD","c(4.36759047644878, 50.6844807)",1,1,1,2025-10-11T08:00:00Z,2025-10-11T08:23:23Z,vehicle,car,15340,1403,1279,6.9241,0
25105D010,CHIREC - HOPITAL SARE,"RUE WAYEZ 35, 1420, BRAINE-L'ALLEUD","CHIREC - HOPITAL SARE -- RUE WAYEZ 35, 1420, BRAINE-L'ALLEUD","c(4.36759047644878, 50.6844807)",1,1,1,2025-10-11T08:00:00Z,2025-10-11T08:24:44Z,vehicle,car,21900,1484,1387,9.1048,0
25107C092,CHIREC - HOPITAL SARE,"RUE WAYEZ 35, 1420, BRAINE-L'ALLEUD","CHIREC - HOPITAL SARE -- RUE WAYEZ 35, 1420, BRAINE-L'ALLEUD","c(4.36759047644878, 50.6844807)",1,1,1,2025-10-11T08:00:00Z,2025-10-11T08:31:23Z,vehicle,car,30136,1883,1720,12.0699,0
25107C199,CHIREC - HOPITAL SARE,"RUE WAYEZ 35, 1420, BRAINE-L'ALLEUD","CHIREC - HOPITAL SARE -- RUE WAYEZ 35, 1420, BRAINE-L'ALLEUD","c(4.36759047644878, 50.6844807)",1,1,1,2025-10-11T08:00:00Z,2025-10-11T08:31:27Z,vehicle,car,30086,1887,1724,11.9814,0
25117A00-,CHIREC - HOPITAL SARE,"RUE WAYEZ 35, 1420, BRAINE-L'ALLEUD","CHIREC - HOPITAL SARE -- RUE WAYEZ 35, 1420, BRAINE-L'ALLEUD","c(4.36759047644878, 50.6844807)",1,1,1,2025-10-11T08:00:00Z,2025-10-11T08:34:42Z,vehicle,car,31973,2082,1868,13.1579,0
25117A011,CHIREC - HOPITAL SARE,"RUE WAYEZ 35, 1420, BRAINE-L'ALLEUD","CHIREC - HOPITAL SARE -- RUE WAYEZ 35, 1420, BRAINE-L'ALLEUD","c(4.36759047644878, 50.6844807)",1,1,1,2025-10-11T08:00:00Z,2025-10-11T08:34:59Z,vehicle,car,35053,2099,1911,14.1657,0
25117A090,CHIREC - HOPITAL SARE,"RUE WAYEZ 35, 1420, BRAINE-L'ALLEUD","CHIREC - HOPITAL SARE -- RUE WAYEZ 35, 1420, BRAINE-L'ALLEUD","c(4.36759047644878, 50.6844807)",1,1,1,2025-10-11T08:00:00Z,2025-10-11T08:34:45Z,vehicle,car,31962,2085,1873,13.1246,0
25117A112,CHIREC - HOPITAL SARE,"RUE WAYEZ 35, 1420, BRAINE-L'ALLEUD","CHIREC - HOPITAL SARE -- RUE WAYEZ 35, 1420, BRAINE-L'ALLEUD","c(4.36759047644878, 50.6844807)",1,1,1,2025-10-11T08:00:00Z,2025-10-11T08:32:10Z,vehicle,car,33704,1930,1754,13.4244,0
25117A190,CHIREC - HOPITAL SARE,"RUE WAYEZ 35, 1420, BRAINE-L'ALLEUD","CHIREC - HOPITAL SARE -- RUE WAYEZ 35, 1420, BRAINE-L'ALLEUD","c(4.36759047644878, 50.6844807)",1,1,1,2025-10-11T08:00:00Z,2025-10-11T08:32:33Z,vehicle,car,32881,1953,1777,13.1544,0
25123D093,CHIREC - HOPITAL SARE,"RUE WAYEZ 35, 1420, BRAINE-L'ALLEUD","CHIREC - HOPITAL SARE -- RUE WAYEZ 35, 1420, BRAINE-L'ALLEUD","c(4.36759047644878, 50.6844807)",1,1,1,2025-10-11T08:00:00Z,2025-10-11T08:24:36Z,vehicle,car,24872,1476,1379,10.2154,0
25124B082,CHIREC - HOPITAL SARE,"RUE WAYEZ 35, 1420, BRAINE-L'ALLEUD","CHIREC - HOPITAL SARE -- RUE WAYEZ 35, 1420, BRAINE-L'ALLEUD","c(4.36759047644878, 50.6844807)",1,1,1,2025-10-11T08:00:00Z,2025-10-11T08:32:08Z,vehicle,car,32894,1928,1770,13.2767,0
55004C000,CHIREC - HOPITAL SARE,"RUE WAYEZ 35, 1420, BRAINE-L'ALLEUD","CHIREC - HOPITAL SARE -- RUE WAYEZ 35, 1420, BRAINE-L'ALLEUD","c(4.36759047644878, 50.6844807)",1,1,1,2025-10-11T08:00:00Z,2025-10-11T08:23:56Z,vehicle,car,23051,1436,1376,9.7791,0
55004C010,CHIREC - HOPITAL SARE,"RUE WAYEZ 35, 1420, BRAINE-L'ALLEUD","CHIREC - HOPITAL SARE -- RUE WAYEZ 35, 1420, BRAINE-L'ALLEUD","c(4.36759047644878, 50.6844807)",1,1,1,2025-10-11T08:00:00Z,2025-10-11T08:22:44Z,vehicle,car,22459,1364,1309,9.4954,0
55004C072,CHIREC - HOPITAL SARE,"RUE WAYEZ 35, 1420, BRAINE-L'ALLEUD","CHIREC - HOPITAL SARE -- RUE WAYEZ 35, 1420, BRAINE-L'ALLEUD","c(4.36759047644878, 50.6844807)",1,1,1,2025-10-11T08:00:00Z,2025-10-11T08:24:04Z,vehicle,car,16807,1444,1377,7.797,0
55004C080,CHIREC - HOPITAL SARE,"RUE WAYEZ 35, 1420, BRAINE-L'ALLEUD","CHIREC - HOPITAL SARE -- RUE WAYEZ 35, 1420, BRAINE-L'ALLEUD","c(4.36759047644878, 50.6844807)",1,1,1,2025-10-11T08:00:00Z,2025-10-11T08:24:27Z,vehicle,car,23122,1467,1411,9.8531,0
55004C091,CHIREC - HOPITAL SARE,"RUE WAYEZ 35, 1420, BRAINE-L'ALLEUD","CHIREC - HOPITAL SARE -- RUE WAYEZ 35, 1420, BRAINE-L'ALLEUD","c(4.36759047644878, 50.6844807)",1,1,1,2025-10-11T08:00:00Z,2025-10-11T08:24:14Z,vehicle,car,23691,1454,1391,9.7996,0
23023A012,CENTRE HOSPITALIER EPICURA,"RUE MARIA THOMEE 1, 7800, ATH","CENTRE HOSPITALIER EPICURA -- RUE MARIA THOMEE 1, 7800, ATH","c(3.7766060410643, 50.63447535)",1,1,1,2025-10-11T08:00:00Z,2025-10-11T08:27:01Z,vehicle,car,26926,1621,1497,10.6733,0
23023A081,CENTRE HOSPITALIER EPICURA,"RUE MARIA THOMEE 1, 7800, ATH","CENTRE HOSPITALIER EPICURA -- RUE MARIA THOMEE 1, 7800, ATH","c(3.7766060410643, 50.63447535)",1,1,1,2025-10-11T08:00:00Z,2025-10-11T08:30:54Z,vehicle,car,29360,1854,1680,11.6777,0
23023A09-,CENTRE HOSPITALIER EPICURA,"RUE MARIA THOMEE 1, 7800, ATH","CENTRE HOSPITALIER EPICURA -- RUE MARIA THOMEE 1, 7800, ATH","c(3.7766060410643, 50.63447535)",1,1,1,2025-10-11T08:00:00Z,2025-10-11T08:23:46Z,vehicle,car,25185,1426,1343,9.7829,0
23032C09-,CENTRE HOSPITALIER EPICURA,"RUE MARIA THOMEE 1, 7800, ATH","CENTRE HOSPITALIER EPICURA -- RUE MARIA THOMEE 1, 7800, ATH","c(3.7766060410643, 50.63447535)",1,1,1,2025-10-11T08:00:00Z,2025-10-11T08:23:09Z,vehicle,car,22016,1389,1272,8.0829,0
41018A00-,CENTRE HOSPITALIER EPICURA,"RUE MARIA THOMEE 1, 7800, ATH","CENTRE HOSPITALIER EPICURA -- RUE MARIA THOMEE 1, 7800, ATH","c(3.7766060410643, 50.63447535)",1,1,1,2025-10-11T08:00:00Z,2025-10-11T08:25:36Z,vehicle,car,20733,1536,1431,8.0965,0
41018A010,CENTRE HOSPITALIER EPICURA,"RUE MARIA THOMEE 1, 7800, ATH","CENTRE HOSPITALIER EPICURA -- RUE MARIA THOMEE 1, 7800, ATH","c(3.7766060410643, 50.63447535)",1,1,1,2025-10-11T08:00:00Z,2025-10-11T08:22:51Z,vehicle,car,18851,1371,1283,7.4182,0
41018A02-,CENTRE HOSPITALIER EPICURA,"RUE MARIA THOMEE 1, 7800, ATH","CENTRE HOSPITALIER EPICURA -- RUE MARIA THOMEE 1, 7800, ATH","c(3.7766060410643, 50.63447535)",1,1,1,2025-10-11T08:00:00Z,2025-10-11T08:22:42Z,vehicle,car,18857,1362,1275,7.3541,0
41018A04-,CENTRE HOSPITALIER EPICURA,"RUE MARIA THOMEE 1, 7800, ATH","CENTRE HOSPITALIER EPICURA -- RUE MARIA THOMEE 1, 7800, ATH","c(3.7766060410643, 50.63447535)",1,1,1,2025-10-11T08:00:00Z,2025-10-11T08:24:05Z,vehicle,car,19551,1445,1333,7.7188,0
41018A05-,CENTRE HOSPITALIER EPICURA,"RUE MARIA THOMEE 1, 7800, ATH","CENTRE HOSPITALIER EPICURA -- RUE MARIA THOMEE 1, 7800, ATH","c(3.7766060410643, 50.63447535)",1,1,1,2025-10-11T08:00:00Z,2025-10-11T08:24:58Z,vehicle,car,20382,1498,1361,8.0159,0
41018A09-,CENTRE HOSPITALIER EPICURA,"RUE MARIA THOMEE 1, 7800, ATH","CENTRE HOSPITALIER EPICURA -- RUE MARIA THOMEE 1, 7800, ATH","c(3.7766060410643, 50.63447535)",1,1,1,2025-10-11T08:00:00Z,2025-10-11T08:26:35Z,vehicle,car,21371,1595,1455,8.0079,0
41018A10-,CENTRE HOSPITALIER EPICURA,"RUE MARIA THOMEE 1, 7800, ATH","CENTRE HOSPITALIER EPICURA -- RUE MARIA THOMEE 1, 7800, ATH","c(3.7766060410643, 50.63447535)",1,1,1,2025-10-11T08:00:00Z,2025-10-11T08:27:00Z,vehicle,car,21681,1620,1511,8.3436,0
41018A110,CENTRE HOSPITALIER EPICURA,"RUE MARIA THOMEE 1, 7800, ATH","CENTRE HOSPITALIER EPICURA -- RUE MARIA THOMEE 1, 7800, ATH","c(3.7766060410643, 50.63447535)",1,1,1,2025-10-11T08:00:00Z,2025-10-11T08:24:29Z,vehicle,car,20078,1469,1366,7.8223,0
41018A20-,CENTRE HOSPITALIER EPICURA,"RUE MARIA THOMEE 1, 7800, ATH","CENTRE HOSPITALIER EPICURA -- RUE MARIA THOMEE 1, 7800, ATH","c(3.7766060410643, 50.63447535)",1,1,1,2025-10-11T08:00:00Z,2025-10-11T08:26:34Z,vehicle,car,20904,1594,1451,8.1344,0
41018A30-,CENTRE HOSPITALIER EPICURA,"RUE MARIA THOMEE 1, 7800, ATH","CENTRE HOSPITALIER EPICURA -- RUE MARIA THOMEE 1, 7800, ATH","c(3.7766060410643, 50.63447535)",1,1,1,2025-10-11T08:00:00Z,2025-10-11T08:23:12Z,vehicle,car,19008,1392,1292,7.475,0
41018B001,CENTRE HOSPITALIER EPICURA,"RUE MARIA THOMEE 1, 7800, ATH","CENTRE HOSPITALIER EPICURA -- RUE MARIA THOMEE 1, 7800, ATH","c(3.7766060410643, 50.63447535)",1,1,1,2025-10-11T08:00:00Z,2025-10-11T08:23:40Z,vehicle,car,19696,1420,1292,7.6411,0
41018B01-,CENTRE HOSPITALIER EPICURA,"RUE MARIA THOMEE 1, 7800, ATH","CENTRE HOSPITALIER EPICURA -- RUE MARIA THOMEE 1, 7800, ATH","c(3.7766060410643, 50.63447535)",1,1,1,2025-10-11T08:00:00Z,2025-10-11T08:23:45Z,vehicle,car,19670,1425,1296,7.7042,0
41018B022,CENTRE HOSPITALIER EPICURA,"RUE MARIA THOMEE 1, 7800, ATH","CENTRE HOSPITALIER EPICURA -- RUE MARIA THOMEE 1, 7800, ATH","c(3.7766060410643, 50.63447535)",1,1,1,2025-10-11T08:00:00Z,2025-10-11T08:22:29Z,vehicle,car,18957,1349,1242,7.3372,0
41018B072,CENTRE HOSPITALIER EPICURA,"RUE MARIA THOMEE 1, 7800, ATH","CENTRE HOSPITALIER EPICURA -- RUE MARIA THOMEE 1, 7800, ATH","c(3.7766060410643, 50.63447535)",1,1,1,2025-10-11T08:00:00Z,2025-10-11T08:24:03Z,vehicle,car,20218,1443,1311,7.7931,0
41018B091,CENTRE HOSPITALIER EPICURA,"RUE MARIA THOMEE 1, 7800, ATH","CENTRE HOSPITALIER EPICURA -- RUE MARIA THOMEE 1, 7800, ATH","c(3.7766060410643, 50.63447535)",1,1,1,2025-10-11T08:00:00Z,2025-10-11T08:23:45Z,vehicle,car,19955,1425,1296,7.7142,0
41018C01-,CENTRE HOSPITALIER EPICURA,"RUE MARIA THOMEE 1, 7800, ATH","CENTRE HOSPITALIER EPICURA -- RUE MARIA THOMEE 1, 7800, ATH","c(3.7766060410643, 50.63447535)",1,1,1,2025-10-11T08:00:00Z,2025-10-11T08:26:44Z,vehicle,car,21698,1604,1464,8.3779,0
41018C080,CENTRE HOSPITALIER EPICURA,"RUE MARIA THOMEE 1, 7800, ATH","CENTRE HOSPITALIER EPICURA -- RUE MARIA THOMEE 1, 7800, ATH","c(3.7766060410643, 50.63447535)",1,1,1,2025-10-11T08:00:00Z,2025-10-11T08:28:58Z,vehicle,car,22525,1738,1596,8.9957,0
41018C11-,CENTRE HOSPITALIER EPICURA,"RUE MARIA THOMEE 1, 7800, ATH","CENTRE HOSPITALIER EPICURA -- RUE MARIA THOMEE 1, 7800, ATH","c(3.7766060410643, 50.63447535)",1,1,1,2025-10-11T08:00:00Z,2025-10-11T08:26:27Z,vehicle,car,26637,1587,1456,10.4499,0
41018C21-,CENTRE HOSPITALIER EPICURA,"RUE MARIA THOMEE 1, 7800, ATH","CENTRE HOSPITALIER EPICURA -- RUE MARIA THOMEE 1, 7800, ATH","c(3.7766060410643, 50.63447535)",1,1,1,2025-10-11T08:00:00Z,2025-10-11T08:27:24Z,vehicle,car,21825,1644,1494,8.4854,0
41018C22-,CENTRE HOSPITALIER EPICURA,"RUE MARIA THOMEE 1, 7800, ATH","CENTRE HOSPITALIER EPICURA -- RUE MARIA THOMEE 1, 7800, ATH","c(3.7766060410643, 50.63447535)",1,1,1,2025-10-11T08:00:00Z,2025-10-11T08:24:41Z,vehicle,car,20397,1481,1346,7.848,0
41018D001,CENTRE HOSPITALIER EPICURA,"RUE MARIA THOMEE 1, 7800, ATH","CENTRE HOSPITALIER EPICURA -- RUE MARIA THOMEE 1, 7800, ATH","c(3.7766060410643, 50.63447535)",1,1,1,2025-10-11T08:00:00Z,2025-10-11T08:20:19Z,vehicle,car,17577,1219,1145,6.743,0
41018D01-,CENTRE HOSPITALIER EPICURA,"RUE MARIA THOMEE 1, 7800, ATH","CENTRE HOSPITALIER EPICURA -- RUE MARIA THOMEE 1, 7800, ATH","c(3.7766060410643, 50.63447535)",1,1,1,2025-10-11T08:00:00Z,2025-10-11T08:17:04Z,vehicle,car,15692,1024,974,5.9124,0
41018D022,CENTRE HOSPITALIER EPICURA,"RUE MARIA THOMEE 1, 7800, ATH","CENTRE HOSPITALIER EPICURA -- RUE MARIA THOMEE 1, 7800, ATH","c(3.7766060410643, 50.63447535)",1,1,1,2025-10-11T08:00:00Z,2025-10-11T08:18:25Z,vehicle,car,16727,1105,1045,6.3118,0
41018D033,CENTRE HOSPITALIER EPICURA,"RUE MARIA THOMEE 1, 7800, ATH","CENTRE HOSPITALIER EPICURA -- RUE MARIA THOMEE 1, 7800, ATH","c(3.7766060410643, 50.63447535)",1,1,1,2025-10-11T08:00:00Z,2025-10-11T08:20:57Z,vehicle,car,17953,1257,1169,6.8652,0
41018D042,CENTRE HOSPITALIER EPICURA,"RUE MARIA THOMEE 1, 7800, ATH","CENTRE HOSPITALIER EPICURA -- RUE MARIA THOMEE 1, 7800, ATH","c(3.7766060410643, 50.63447535)",1,1,1,2025-10-11T08:00:00Z,2025-10-11T08:21:22Z,vehicle,car,17850,1282,1198,6.9753,0
41018D081,CENTRE HOSPITALIER EPICURA,"RUE MARIA THOMEE 1, 7800, ATH","CENTRE HOSPITALIER EPICURA -- RUE MARIA THOMEE 1, 7800, ATH","c(3.7766060410643, 50.63447535)",1,1,1,2025-10-11T08:00:00Z,2025-10-11T08:19:16Z,vehicle,car,16993,1156,1095,6.5033,0
41018D09-,CENTRE HOSPITALIER EPICURA,"RUE MARIA THOMEE 1, 7800, ATH","CENTRE HOSPITALIER EPICURA -- RUE MARIA THOMEE 1, 7800, ATH","c(3.7766060410643, 50.63447535)",1,1,1,2025-10-11T08:00:00Z,2025-10-11T08:19:11Z,vehicle,car,16939,1151,1092,6.3962,0
41018D101,CENTRE HOSPITALIER EPICURA,"RUE MARIA THOMEE 1, 7800, ATH","CENTRE HOSPITALIER EPICURA -- RUE MARIA THOMEE 1, 7800, ATH","c(3.7766060410643, 50.63447535)",1,1,1,2025-10-11T08:00:00Z,2025-10-11T08:25:03Z,vehicle,car,20274,1503,1394,7.7965,0
41018D11-,CENTRE HOSPITALIER EPICURA,"RUE MARIA THOMEE 1, 7800, ATH","CENTRE HOSPITALIER EPICURA -- RUE MARIA THOMEE 1, 7800, ATH","c(3.7766060410643, 50.63447535)",1,1,1,2025-10-11T08:00:00Z,2025-10-11T08:22:08Z,vehicle,car,18383,1328,1236,7.1172,0
41018D172,CENTRE HOSPITALIER EPICURA,"RUE MARIA THOMEE 1, 7800, ATH","CENTRE HOSPITALIER EPICURA -- RUE MARIA THOMEE 1, 7800, ATH","c(3.7766060410643, 50.63447535)",1,1,1,2025-10-11T08:00:00Z,2025-10-11T08:24:24Z,vehicle,car,19328,1464,1371,7.7916,0
41018D18-,CENTRE HOSPITALIER EPICURA,"RUE MARIA THOMEE 1, 7800, ATH","CENTRE HOSPITALIER EPICURA -- RUE MARIA THOMEE 1, 7800, ATH","c(3.7766060410643, 50.63447535)",1,1,1,2025-10-11T08:00:00Z,2025-10-11T08:27:48Z,vehicle,car,22095,1668,1523,8.8397,0
41018D19-,CENTRE HOSPITALIER EPICURA,"RUE MARIA THOMEE 1, 7800, ATH","CENTRE HOSPITALIER EPICURA -- RUE MARIA THOMEE 1, 7800, ATH","c(3.7766060410643, 50.63447535)",1,1,1,2025-10-11T08:00:00Z,2025-10-11T08:25:53Z,vehicle,car,20347,1553,1421,8.0278,0
41018E00-,CENTRE HOSPITALIER EPICURA,"RUE MARIA THOMEE 1, 7800, ATH","CENTRE HOSPITALIER EPICURA -- RUE MARIA THOMEE 1, 7800, ATH","c(3.7766060410643, 50.63447535)",1,1,1,2025-10-11T08:00:00Z,2025-10-11T08:22:56Z,vehicle,car,19000,1376,1280,7.4536,0
41018E01-,CENTRE HOSPITALIER EPICURA,"RUE MARIA THOMEE 1, 7800, ATH","CENTRE HOSPITALIER EPICURA -- RUE MARIA THOMEE 1, 7800, ATH","c(3.7766060410643, 50.63447535)",1,1,1,2025-10-11T08:00:00Z,2025-10-11T08:23:06Z,vehicle,car,19472,1386,1283,7.5104,0
41018E08-,CENTRE HOSPITALIER EPICURA,"RUE MARIA THOMEE 1, 7800, ATH","CENTRE HOSPITALIER EPICURA -- RUE MARIA THOMEE 1, 7800, ATH","c(3.7766060410643, 50.63447535)",1,1,1,2025-10-11T08:00:00Z,2025-10-11T08:21:42Z,vehicle,car,18692,1302,1205,7.1601,0
41018E091,CENTRE HOSPITALIER EPICURA,"RUE MARIA THOMEE 1, 7800, ATH","CENTRE HOSPITALIER EPICURA -- RUE MARIA THOMEE 1, 7800, ATH","c(3.7766060410643, 50.63447535)",1,1,1,2025-10-11T08:00:00Z,2025-10-11T08:24:14Z,vehicle,car,20008,1454,1350,7.7876,0
41018E110,CENTRE HOSPITALIER EPICURA,"RUE MARIA THOMEE 1, 7800, ATH","CENTRE HOSPITALIER EPICURA -- RUE MARIA THOMEE 1, 7800, ATH","c(3.7766060410643, 50.63447535)",1,1,1,2025-10-11T08:00:00Z,2025-10-11T08:22:32Z,vehicle,car,19120,1352,1247,7.3313,0
41018E122,CENTRE HOSPITALIER EPICURA,"RUE MARIA THOMEE 1, 7800, ATH","CENTRE HOSPITALIER EPICURA -- RUE MARIA THOMEE 1, 7800, ATH","c(3.7766060410643, 50.63447535)",1,1,1,2025-10-11T08:00:00Z,2025-10-11T08:23:59Z,vehicle,car,19609,1439,1331,7.6246,0
41018F00-,CENTRE HOSPITALIER EPICURA,"RUE MARIA THOMEE 1, 7800, ATH","CENTRE HOSPITALIER EPICURA -- RUE MARIA THOMEE 1, 7800, ATH","c(3.7766060410643, 50.63447535)",1,1,1,2025-10-11T08:00:00Z,2025-10-11T08:20:21Z,vehicle,car,17651,1221,1136,6.7283,0
41018F08-,CENTRE HOSPITALIER EPICURA,"RUE MARIA THOMEE 1, 7800, ATH","CENTRE HOSPITALIER EPICURA -- RUE MARIA THOMEE 1, 7800, ATH","c(3.7766060410643, 50.63447535)",1,1,1,2025-10-11T08:00:00Z,2025-10-11T08:20:04Z,vehicle,car,16917,1204,1140,6.4885,0
41018R00-,CENTRE HOSPITALIER EPICURA,"RUE MARIA THOMEE 1, 7800, ATH","CENTRE HOSPITALIER EPICURA -- RUE MARIA THOMEE 1, 7800, ATH","c(3.7766060410643, 50.63447535)",1,1,1,2025-10-11T08:00:00Z,2025-10-11T08:24:23Z,vehicle,car,25033,1463,1359,9.8399,0
41018R01-,CENTRE HOSPITALIER EPICURA,"RUE MARIA THOMEE 1, 7800, ATH","CENTRE HOSPITALIER EPICURA -- RUE MARIA THOMEE 1, 7800, ATH","c(3.7766060410643, 50.63447535)",1,1,1,2025-10-11T08:00:00Z,2025-10-11T08:24:38Z,vehicle,car,25366,1478,1369,9.929,0
41018R02-,CENTRE HOSPITALIER EPICURA,"RUE MARIA THOMEE 1, 7800, ATH","CENTRE HOSPITALIER EPICURA -- RUE MARIA THOMEE 1, 7800, ATH","c(3.7766060410643, 50.63447535)",1,1,1,2025-10-11T08:00:00Z,2025-10-11T08:23:47Z,vehicle,car,24769,1427,1325,9.7718,0
41018R08-,CENTRE HOSPITALIER EPICURA,"RUE MARIA THOMEE 1, 7800, ATH","CENTRE HOSPITALIER EPICURA -- RUE MARIA THOMEE 1, 7800, ATH","c(3.7766060410643, 50.63447535)",1,1,1,2025-10-11T08:00:00Z,2025-10-11T08:24:47Z,vehicle,car,25257,1487,1378,10.0278,0
41018R09-,CENTRE HOSPITALIER EPICURA,"RUE MARIA THOMEE 1, 7800, ATH","CENTRE HOSPITALIER EPICURA -- RUE MARIA THOMEE 1, 7800, ATH","c(3.7766060410643, 50.63447535)",1,1,1,2025-10-11T08:00:00Z,2025-10-11T08:26:05Z,vehicle,car,25724,1565,1461,10.1379,0
41018R100,CENTRE HOSPITALIER EPICURA,"RUE MARIA THOMEE 1, 7800, ATH","CENTRE HOSPITALIER EPICURA -- RUE MARIA THOMEE 1, 7800, ATH","c(3.7766060410643, 50.63447535)",1,1,1,2025-10-11T08:00:00Z,2025-10-11T08:28:42Z,vehicle,car,27669,1722,1578,11.0387,0
41018R190,CENTRE HOSPITALIER EPICURA,"RUE MARIA THOMEE 1, 7800, ATH","CENTRE HOSPITALIER EPICURA -- RUE MARIA THOMEE 1, 7800, ATH","c(3.7766060410643, 50.63447535)",1,1,1,2025-10-11T08:00:00Z,2025-10-11T08:26:43Z,vehicle,car,26219,1603,1496,10.4032,0
41018S00-,CENTRE HOSPITALIER EPICURA,"RUE MARIA THOMEE 1, 7800, ATH","CENTRE HOSPITALIER EPICURA -- RUE MARIA THOMEE 1, 7800, ATH","c(3.7766060410643, 50.63447535)",1,1,1,2025-10-11T08:00:00Z,2025-10-11T08:22:08Z,vehicle,car,23564,1328,1242,9.3148,0
41018S19-,CENTRE HOSPITALIER EPICURA,"RUE MARIA THOMEE 1, 7800, ATH","CENTRE HOSPITALIER EPICURA -- RUE MARIA THOMEE 1, 7800, ATH","c(3.7766060410643, 50.63447535)",1,1,1,2025-10-11T08:00:00Z,2025-10-11T08:21:49Z,vehicle,car,23771,1309,1228,9.264,0
45041A00-,CENTRE HOSPITALIER EPICURA,"RUE MARIA THOMEE 1, 7800, ATH","CENTRE HOSPITALIER EPICURA -- RUE MARIA THOMEE 1, 7800, ATH","c(3.7766060410643, 50.63447535)",1,1,1,2025-10-11T08:00:00Z,2025-10-11T08:27:41Z,vehicle,car,23016,1661,1501,9.3291,0
45041A011,CENTRE HOSPITALIER EPICURA,"RUE MARIA THOMEE 1, 7800, ATH","CENTRE HOSPITALIER EPICURA -- RUE MARIA THOMEE 1, 7800, ATH","c(3.7766060410643, 50.63447535)",1,1,1,2025-10-11T08:00:00Z,2025-10-11T08:27:53Z,vehicle,car,27163,1673,1576,10.2382,0
45041A02-,CENTRE HOSPITALIER EPICURA,"RUE MARIA THOMEE 1, 7800, ATH","CENTRE HOSPITALIER EPICURA -- RUE MARIA THOMEE 1, 7800, ATH","c(3.7766060410643, 50.63447535)",1,1,1,2025-10-11T08:00:00Z,2025-10-11T08:26:04Z,vehicle,car,22403,1564,1425,8.998,0
45041A03-,CENTRE HOSPITALIER EPICURA,"RUE MARIA THOMEE 1, 7800, ATH","CENTRE HOSPITALIER EPICURA -- RUE MARIA THOMEE 1, 7800, ATH","c(3.7766060410643, 50.63447535)",1,1,1,2025-10-11T08:00:00Z,2025-10-11T08:26:27Z,vehicle,car,32103,1587,1520,12.693,0
45041A04-,CENTRE HOSPITALIER EPICURA,"RUE MARIA THOMEE 1, 7800, ATH","CENTRE HOSPITALIER EPICURA -- RUE MARIA THOMEE 1, 7800, ATH","c(3.7766060410643, 50.63447535)",1,1,1,2025-10-11T08:00:00Z,2025-10-11T08:26:13Z,vehicle,car,31731,1573,1515,12.5921,0
45041A051,CENTRE HOSPITALIER EPICURA,"RUE MARIA THOMEE 1, 7800, ATH","CENTRE HOSPITALIER EPICURA -- RUE MARIA THOMEE 1, 7800, ATH","c(3.7766060410643, 50.63447535)",1,1,1,2025-10-11T08:00:00Z,2025-10-11T08:28:25Z,vehicle,car,33017,1705,1619,13.157,0
45041A072,CENTRE HOSPITALIER EPICURA,"RUE MARIA THOMEE 1, 7800, ATH","CENTRE HOSPITALIER EPICURA -- RUE MARIA THOMEE 1, 7800, ATH","c(3.7766060410643, 50.63447535)",1,1,1,2025-10-11T08:00:00Z,2025-10-11T08:27:26Z,vehicle,car,26921,1646,1549,10.1532,0
45041A082,CENTRE HOSPITALIER EPICURA,"RUE MARIA THOMEE 1, 7800, ATH","CENTRE HOSPITALIER EPICURA -- RUE MARIA THOMEE 1, 7800, ATH","c(3.7766060410643, 50.63447535)",1,1,1,2025-10-11T08:00:00Z,2025-10-11T08:31:36Z,vehicle,car,24947,1896,1735,10.3014,0
45041A101,CENTRE HOSPITALIER EPICURA,"RUE MARIA THOMEE 1, 7800, ATH","CENTRE HOSPITALIER EPICURA -- RUE MARIA THOMEE 1, 7800, ATH","c(3.7766060410643, 50.63447535)",1,1,1,2025-10-11T08:00:00Z,2025-10-11T08:28:48Z,vehicle,car,22974,1728,1597,9.3337,0
45041A12-,CENTRE HOSPITALIER EPICURA,"RUE MARIA THOMEE 1, 7800, ATH","CENTRE HOSPITALIER EPICURA -- RUE MARIA THOMEE 1, 7800, ATH","c(3.7766060410643, 50.63447535)",1,1,1,2025-10-11T08:00:00Z,2025-10-11T08:26:10Z,vehicle,car,22045,1570,1439,8.8868,0
45041A123,CENTRE HOSPITALIER EPICURA,"RUE MARIA THOMEE 1, 7800, ATH","CENTRE HOSPITALIER EPICURA -- RUE MARIA THOMEE 1, 7800, ATH","c(3.7766060410643, 50.63447535)",1,1,1,2025-10-11T08:00:00Z,2025-10-11T08:25:36Z,vehicle,car,25908,1536,1449,9.6377,0
45041A171,CENTRE HOSPITALIER EPICURA,"RUE MARIA THOMEE 1, 7800, ATH","CENTRE HOSPITALIER EPICURA -- RUE MARIA THOMEE 1, 7800, ATH","c(3.7766060410643, 50.63447535)",1,1,1,2025-10-11T08:00:00Z,2025-10-11T08:25:29Z,vehicle,car,25075,1529,1450,9.3581,0
45041A182,CENTRE HOSPITALIER EPICURA,"RUE MARIA THOMEE 1, 7800, ATH","CENTRE HOSPITALIER EPICURA -- RUE MARIA THOMEE 1, 7800, ATH","c(3.7766060410643, 50.63447535)",1,1,1,2025-10-11T08:00:00Z,2025-10-11T08:27:39Z,vehicle,car,25747,1659,1580,9.6893,0
45041A192,CENTRE HOSPITALIER EPICURA,"RUE MARIA THOMEE 1, 7800, ATH","CENTRE HOSPITALIER EPICURA -- RUE MARIA THOMEE 1, 7800, ATH","c(3.7766060410643, 50.63447535)",1,1,1,2025-10-11T08:00:00Z,2025-10-11T08:26:59Z,vehicle,car,21311,1619,1510,8.7623,0
45041A30-,CENTRE HOSPITALIER EPICURA,"RUE MARIA THOMEE 1, 7800, ATH","CENTRE HOSPITALIER EPICURA -- RUE MARIA THOMEE 1, 7800, ATH","c(3.7766060410643, 50.63447535)",1,1,1,2025-10-11T08:00:00Z,2025-10-11T08:27:45Z,vehicle,car,22914,1665,1531,9.238,0
45041A312,CENTRE HOSPITALIER EPICURA,"RUE MARIA THOMEE 1, 7800, ATH","CENTRE HOSPITALIER EPICURA -- RUE MARIA THOMEE 1, 7800, ATH","c(3.7766060410643, 50.63447535)",1,1,1,2025-10-11T08:00:00Z,2025-10-11T08:26:05Z,vehicle,car,22009,1565,1440,8.8295,0
45041A321,CENTRE HOSPITALIER EPICURA,"RUE MARIA THOMEE 1, 7800, ATH","CENTRE HOSPITALIER EPICURA -- RUE MARIA THOMEE 1, 7800, ATH","c(3.7766060410643, 50.63447535)",1,1,1,2025-10-11T08:00:00Z,2025-10-11T08:27:59Z,vehicle,car,22735,1679,1558,9.2839,0
45041A323,CENTRE HOSPITALIER EPICURA,"RUE MARIA THOMEE 1, 7800, ATH","CENTRE HOSPITALIER EPICURA -- RUE MARIA THOMEE 1, 7800, ATH","c(3.7766060410643, 50.63447535)",1,1,1,2025-10-11T08:00:00Z,2025-10-11T08:26:38Z,vehicle,car,22222,1598,1477,9.0265,0
45041A331,CENTRE HOSPITALIER EPICURA,"RUE MARIA THOMEE 1, 7800, ATH","CENTRE HOSPITALIER EPICURA -- RUE MARIA THOMEE 1, 7800, ATH","c(3.7766060410643, 50.63447535)",1,1,1,2025-10-11T08:00:00Z,2025-10-11T08:24:05Z,vehicle,car,21001,1445,1324,8.2681,0
45041A340,CENTRE HOSPITALIER EPICURA,"RUE MARIA THOMEE 1, 7800, ATH","CENTRE HOSPITALIER EPICURA -- RUE MARIA THOMEE 1, 7800, ATH","c(3.7766060410643, 50.63447535)",1,1,1,2025-10-11T08:00:00Z,2025-10-11T08:26:16Z,vehicle,car,31383,1576,1541,12.4743,0
45041A350,CENTRE HOSPITALIER EPICURA,"RUE MARIA THOMEE 1, 7800, ATH","CENTRE HOSPITALIER EPICURA -- RUE MARIA THOMEE 1, 7800, ATH","c(3.7766060410643, 50.63447535)",1,1,1,2025-10-11T08:00:00Z,2025-10-11T08:24:39Z,vehicle,car,30805,1479,1444,12.1678,0
45041A392,CENTRE HOSPITALIER EPICURA,"RUE MARIA THOMEE 1, 7800, ATH","CENTRE HOSPITALIER EPICURA -- RUE MARIA THOMEE 1, 7800, ATH","c(3.7766060410643, 50.63447535)",1,1,1,2025-10-11T08:00:00Z,2025-10-11T08:25:02Z,vehicle,car,20966,1502,1385,8.3176,0
45041A400,CENTRE HOSPITALIER EPICURA,"RUE MARIA THOMEE 1, 7800, ATH","CENTRE HOSPITALIER EPICURA -- RUE MARIA THOMEE 1, 7800, ATH","c(3.7766060410643, 50.63447535)",1,1,1,2025-10-11T08:00:00Z,2025-10-11T08:26:38Z,vehicle,car,32052,1598,1544,12.7331,0
45041A49-,CENTRE HOSPITALIER EPICURA,"RUE MARIA THOMEE 1, 7800, ATH","CENTRE HOSPITALIER EPICURA -- RUE MARIA THOMEE 1, 7800, ATH","c(3.7766060410643, 50.63447535)",1,1,1,2025-10-11T08:00:00Z,2025-10-11T08:25:46Z,vehicle,car,32536,1546,1482,12.6923,0
45041A50-,CENTRE HOSPITALIER EPICURA,"RUE MARIA THOMEE 1, 7800, ATH","CENTRE HOSPITALIER EPICURA -- RUE MARIA THOMEE 1, 7800, ATH","c(3.7766060410643, 50.63447535)",1,1,1,2025-10-11T08:00:00Z,2025-10-11T08:27:47Z,vehicle,car,33240,1667,1579,13.1528,0
45041A51-,CENTRE HOSPITALIER EPICURA,"RUE MARIA THOMEE 1, 7800, ATH","CENTRE HOSPITALIER EPICURA -- RUE MARIA THOMEE 1, 7800, ATH","c(3.7766060410643, 50.63447535)",1,1,1,2025-10-11T08:00:00Z,2025-10-11T08:27:10Z,vehicle,car,32360,1630,1552,12.8532,0
45041A60-,CENTRE HOSPITALIER EPICURA,"RUE MARIA THOMEE 1, 7800, ATH","CENTRE HOSPITALIER EPICURA -- RUE MARIA THOMEE 1, 7800, ATH","c(3.7766060410643, 50.63447535)",1,1,1,2025-10-11T08:00:00Z,2025-10-11T08:30:23Z,vehicle,car,24486,1823,1663,9.9249,0
45041A61-,CENTRE HOSPITALIER EPICURA,"RUE MARIA THOMEE 1, 7800, ATH","CENTRE HOSPITALIER EPICURA -- RUE MARIA THOMEE 1, 7800, ATH","c(3.7766060410643, 50.63447535)",1,1,1,2025-10-11T08:00:00Z,2025-10-11T08:30:09Z,vehicle,car,24090,1809,1637,9.8018,0
45041A620,CENTRE HOSPITALIER EPICURA,"RUE MARIA THOMEE 1, 7800, ATH","CENTRE HOSPITALIER EPICURA -- RUE MARIA THOMEE 1, 7800, ATH","c(3.7766060410643, 50.63447535)",1,1,1,2025-10-11T08:00:00Z,2025-10-11T08:28:23Z,vehicle,car,23449,1703,1548,9.543,0
45041A69-,CENTRE HOSPITALIER EPICURA,"RUE MARIA THOMEE 1, 7800, ATH","CENTRE HOSPITALIER EPICURA -- RUE MARIA THOMEE 1, 7800, ATH","c(3.7766060410643, 50.63447535)",1,1,1,2025-10-11T08:00:00Z,2025-10-11T08:30:54Z,vehicle,car,24610,1854,1697,9.9834,0
45041A70-,CENTRE HOSPITALIER EPICURA,"RUE MARIA THOMEE 1, 7800, ATH","CENTRE HOSPITALIER EPICURA -- RUE MARIA THOMEE 1, 7800, ATH","c(3.7766060410643, 50.63447535)",1,1,1,2025-10-11T08:00:00Z,2025-10-11T08:28:51Z,vehicle,car,27678,1731,1616,10.4722,0
45041A712,CENTRE HOSPITALIER EPICURA,"RUE MARIA THOMEE 1, 7800, ATH","CENTRE HOSPITALIER EPICURA -- RUE MARIA THOMEE 1, 7800, ATH","c(3.7766060410643, 50.63447535)",1,1,1,2025-10-11T08:00:00Z,2025-10-11T08:26:56Z,vehicle,car,25931,1616,1533,9.7266,0
45063C10-,CENTRE HOSPITALIER EPICURA,"RUE MARIA THOMEE 1, 7800, ATH","CENTRE HOSPITALIER EPICURA -- RUE MARIA THOMEE 1, 7800, ATH","c(3.7766060410643, 50.63447535)",1,1,1,2025-10-11T08:00:00Z,2025-10-11T08:27:37Z,vehicle,car,22409,1657,1523,8.7525,0
45063C19-,CENTRE HOSPITALIER EPICURA,"RUE MARIA THOMEE 1, 7800, ATH","CENTRE HOSPITALIER EPICURA -- RUE MARIA THOMEE 1, 7800, ATH","c(3.7766060410643, 50.63447535)",1,1,1,2025-10-11T08:00:00Z,2025-10-11T08:27:44Z,vehicle,car,22471,1664,1530,8.7756,0
51008B00-,CENTRE HOSPITALIER EPICURA,"RUE MARIA THOMEE 1, 7800, ATH","CENTRE HOSPITALIER EPICURA -- RUE MARIA THOMEE 1, 7800, ATH","c(3.7766060410643, 50.63447535)",1,1,1,2025-10-11T08:00:00Z,2025-10-11T08:20:02Z,vehicle,car,18097,1202,1113,6.5113,0
51008B09-,CENTRE HOSPITALIER EPICURA,"RUE MARIA THOMEE 1, 7800, ATH","CENTRE HOSPITALIER EPICURA -- RUE MARIA THOMEE 1, 7800, ATH","c(3.7766060410643, 50.63447535)",1,1,1,2025-10-11T08:00:00Z,2025-10-11T08:22:10Z,vehicle,car,19382,1330,1229,6.9816,0
51008B101,CENTRE HOSPITALIER EPICURA,"RUE MARIA THOMEE 1, 7800, ATH","CENTRE HOSPITALIER EPICURA -- RUE MARIA THOMEE 1, 7800, ATH","c(3.7766060410643, 50.63447535)",1,1,1,2025-10-11T08:00:00Z,2025-10-11T08:19:05Z,vehicle,car,17326,1145,1064,6.2328,0
51008B11-,CENTRE HOSPITALIER EPICURA,"RUE MARIA THOMEE 1, 7800, ATH","CENTRE HOSPITALIER EPICURA -- RUE MARIA THOMEE 1, 7800, ATH","c(3.7766060410643, 50.63447535)",1,1,1,2025-10-11T08:00:00Z,2025-10-11T08:20:40Z,vehicle,car,18896,1240,1152,6.7019,0
51008B122,CENTRE HOSPITALIER EPICURA,"RUE MARIA THOMEE 1, 7800, ATH","CENTRE HOSPITALIER EPICURA -- RUE MARIA THOMEE 1, 7800, ATH","c(3.7766060410643, 50.63447535)",1,1,1,2025-10-11T08:00:00Z,2025-10-11T08:20:33Z,vehicle,car,18218,1233,1140,6.5995,0
51008B19-,CENTRE HOSPITALIER EPICURA,"RUE MARIA THOMEE 1, 7800, ATH","CENTRE HOSPITALIER EPICURA -- RUE MARIA THOMEE 1, 7800, ATH","c(3.7766060410643, 50.63447535)",1,1,1,2025-10-11T08:00:00Z,2025-10-11T08:21:44Z,vehicle,car,19082,1304,1220,6.8399,0
51008C00-,CENTRE HOSPITALIER EPICURA,"RUE MARIA THOMEE 1, 7800, ATH","CENTRE HOSPITALIER EPICURA -- RUE MARIA THOMEE 1, 7800, ATH","c(3.7766060410643, 50.63447535)",1,1,1,2025-10-11T08:00:00Z,2025-10-11T08:19:27Z,vehicle,car,16974,1167,1079,6.1961,0
51008C02-,CENTRE HOSPITALIER EPICURA,"RUE MARIA THOMEE 1, 7800, ATH","CENTRE HOSPITALIER EPICURA -- RUE MARIA THOMEE 1, 7800, ATH","c(3.7766060410643, 50.63447535)",1,1,1,2025-10-11T08:00:00Z,2025-10-11T08:21:27Z,vehicle,car,18029,1287,1193,6.723,0
51008C193,CENTRE HOSPITALIER EPICURA,"RUE MARIA THOMEE 1, 7800, ATH","CENTRE HOSPITALIER EPICURA -- RUE MARIA THOMEE 1, 7800, ATH","c(3.7766060410643, 50.63447535)",1,1,1,2025-10-11T08:00:00Z,2025-10-11T08:21:42Z,vehicle,car,18642,1302,1190,6.9198,0
51008D193,CENTRE HOSPITALIER EPICURA,"RUE MARIA THOMEE 1, 7800, ATH","CENTRE HOSPITALIER EPICURA -- RUE MARIA THOMEE 1, 7800, ATH","c(3.7766060410643, 50.63447535)",1,1,1,2025-10-11T08:00:00Z,2025-10-11T08:21:33Z,vehicle,car,18224,1293,1181,6.7756,0
51009A00-,CENTRE HOSPITALIER EPICURA,"RUE MARIA THOMEE 1, 7800, ATH","CENTRE HOSPITALIER EPICURA -- RUE MARIA THOMEE 1, 7800, ATH","c(3.7766060410643, 50.63447535)",1,1,1,2025-10-11T08:00:00Z,2025-10-11T08:28:14Z,vehicle,car,24537,1694,1575,9.2718,0
51009A01-,CENTRE HOSPITALIER EPICURA,"RUE MARIA THOMEE 1, 7800, ATH","CENTRE HOSPITALIER EPICURA -- RUE MARIA THOMEE 1, 7800, ATH","c(3.7766060410643, 50.63447535)",1,1,1,2025-10-11T08:00:00Z,2025-10-11T08:27:47Z,vehicle,car,25154,1667,1545,9.3667,0
51009A02-,CENTRE HOSPITALIER EPICURA,"RUE MARIA THOMEE 1, 7800, ATH","CENTRE HOSPITALIER EPICURA -- RUE MARIA THOMEE 1, 7800, ATH","c(3.7766060410643, 50.63447535)",1,1,1,2025-10-11T08:00:00Z,2025-10-11T08:28:29Z,vehicle,car,24742,1709,1575,9.3693,0
51009A032,CENTRE HOSPITALIER EPICURA,"RUE MARIA THOMEE 1, 7800, ATH","CENTRE HOSPITALIER EPICURA -- RUE MARIA THOMEE 1, 7800, ATH","c(3.7766060410643, 50.63447535)",1,1,1,2025-10-11T08:00:00Z,2025-10-11T08:26:33Z,vehicle,car,24512,1593,1478,8.9946,0
51009A081,CENTRE HOSPITALIER EPICURA,"RUE MARIA THOMEE 1, 7800, ATH","CENTRE HOSPITALIER EPICURA -- RUE MARIA THOMEE 1, 7800, ATH","c(3.7766060410643, 50.63447535)",1,1,1,2025-10-11T08:00:00Z,2025-10-11T08:25:01Z,vehicle,car,22148,1501,1388,8.2252,0
51009A091,CENTRE HOSPITALIER EPICURA,"RUE MARIA THOMEE 1, 7800, ATH","CENTRE HOSPITALIER EPICURA -- RUE MARIA THOMEE 1, 7800, ATH","c(3.7766060410643, 50.63447535)",1,1,1,2025-10-11T08:00:00Z,2025-10-11T08:30:45Z,vehicle,car,26629,1845,1718,10.0998,0
51009A10-,CENTRE HOSPITALIER EPICURA,"RUE MARIA THOMEE 1, 7800, ATH","CENTRE HOSPITALIER EPICURA -- RUE MARIA THOMEE 1, 7800, ATH","c(3.7766060410643, 50.63447535)",1,1,1,2025-10-11T08:00:00Z,2025-10-11T08:24:54Z,vehicle,car,21583,1494,1400,8.1241,0
51009A191,CENTRE HOSPITALIER EPICURA,"RUE MARIA THOMEE 1, 7800, ATH","CENTRE HOSPITALIER EPICURA -- RUE MARIA THOMEE 1, 7800, ATH","c(3.7766060410643, 50.63447535)",1,1,1,2025-10-11T08:00:00Z,2025-10-11T08:25:31Z,vehicle,car,21858,1531,1434,8.2586,0
51009A202,CENTRE HOSPITALIER EPICURA,"RUE MARIA THOMEE 1, 7800, ATH","CENTRE HOSPITALIER EPICURA -- RUE MARIA THOMEE 1, 7800, ATH","c(3.7766060410643, 50.63447535)",1,1,1,2025-10-11T08:00:00Z,2025-10-11T08:28:52Z,vehicle,car,24183,1732,1613,9.2534,0
51009C00-,CENTRE HOSPITALIER EPICURA,"RUE MARIA THOMEE 1, 7800, ATH","CENTRE HOSPITALIER EPICURA -- RUE MARIA THOMEE 1, 7800, ATH","c(3.7766060410643, 50.63447535)",1,1,1,2025-10-11T08:00:00Z,2025-10-11T08:24:45Z,vehicle,car,21722,1485,1375,7.9636,0
51009C01-,CENTRE HOSPITALIER EPICURA,"RUE MARIA THOMEE 1, 7800, ATH","CENTRE HOSPITALIER EPICURA -- RUE MARIA THOMEE 1, 7800, ATH","c(3.7766060410643, 50.63447535)",1,1,1,2025-10-11T08:00:00Z,2025-10-11T08:23:11Z,vehicle,car,19548,1391,1282,7.3971,0
51009C02-,CENTRE HOSPITALIER EPICURA,"RUE MARIA THOMEE 1, 7800, ATH","CENTRE HOSPITALIER EPICURA -- RUE MARIA THOMEE 1, 7800, ATH","c(3.7766060410643, 50.63447535)",1,1,1,2025-10-11T08:00:00Z,2025-10-11T08:24:03Z,vehicle,car,19817,1443,1348,7.4328,0
51009C08-,CENTRE HOSPITALIER EPICURA,"RUE MARIA THOMEE 1, 7800, ATH","CENTRE HOSPITALIER EPICURA -- RUE MARIA THOMEE 1, 7800, ATH","c(3.7766060410643, 50.63447535)",1,1,1,2025-10-11T08:00:00Z,2025-10-11T08:23:43Z,vehicle,car,22990,1423,1330,8.4362,0
51009C091,CENTRE HOSPITALIER EPICURA,"RUE MARIA THOMEE 1, 7800, ATH","CENTRE HOSPITALIER EPICURA -- RUE MARIA THOMEE 1, 7800, ATH","c(3.7766060410643, 50.63447535)",1,1,1,2025-10-11T08:00:00Z,2025-10-11T08:26:14Z,vehicle,car,20812,1574,1471,8.0539,0
51009C192,CENTRE HOSPITALIER EPICURA,"RUE MARIA THOMEE 1, 7800, ATH","CENTRE HOSPITALIER EPICURA -- RUE MARIA THOMEE 1, 7800, ATH","c(3.7766060410643, 50.63447535)",1,1,1,2025-10-11T08:00:00Z,2025-10-11T08:24:27Z,vehicle,car,21373,1467,1357,7.8289,0
51017A082,CENTRE HOSPITALIER EPICURA,"RUE MARIA THOMEE 1, 7800, ATH","CENTRE HOSPITALIER EPICURA -- RUE MARIA THOMEE 1, 7800, ATH","c(3.7766060410643, 50.63447535)",1,1,1,2025-10-11T08:00:00Z,2025-10-11T08:21:42Z,vehicle,car,18117,1302,1200,6.9834,0
51019A001,CENTRE HOSPITALIER EPICURA,"RUE MARIA THOMEE 1, 7800, ATH","CENTRE HOSPITALIER EPICURA -- RUE MARIA THOMEE 1, 7800, ATH","c(3.7766060410643, 50.63447535)",1,1,1,2025-10-11T08:00:00Z,2025-10-11T08:16:22Z,vehicle,car,16124,982,942,5.8124,0
51019A012,CENTRE HOSPITALIER EPICURA,"RUE MARIA THOMEE 1, 7800, ATH","CENTRE HOSPITALIER EPICURA -- RUE MARIA THOMEE 1, 7800, ATH","c(3.7766060410643, 50.63447535)",1,1,1,2025-10-11T08:00:00Z,2025-10-11T08:18:42Z,vehicle,car,17384,1122,1062,6.5345,0
51019A08-,CENTRE HOSPITALIER EPICURA,"RUE MARIA THOMEE 1, 7800, ATH","CENTRE HOSPITALIER EPICURA -- RUE MARIA THOMEE 1, 7800, ATH","c(3.7766060410643, 50.63447535)",1,1,1,2025-10-11T08:00:00Z,2025-10-11T08:22:54Z,vehicle,car,20143,1374,1313,7.306,0
51019A099,CENTRE HOSPITALIER EPICURA,"RUE MARIA THOMEE 1, 7800, ATH","CENTRE HOSPITALIER EPICURA -- RUE MARIA THOMEE 1, 7800, ATH","c(3.7766060410643, 50.63447535)",1,1,1,2025-10-11T08:00:00Z,2025-10-11T08:18:30Z,vehicle,car,17750,1110,1061,6.4555,0
51065F09-,CENTRE HOSPITALIER EPICURA,"RUE MARIA THOMEE 1, 7800, ATH","CENTRE HOSPITALIER EPICURA -- RUE MARIA THOMEE 1, 7800, ATH","c(3.7766060410643, 50.63447535)",1,1,1,2025-10-11T08:00:00Z,2025-10-11T08:20:45Z,vehicle,car,19416,1245,1163,7.0511,0
51065G00-,CENTRE HOSPITALIER EPICURA,"RUE MARIA THOMEE 1, 7800, ATH","CENTRE HOSPITALIER EPICURA -- RUE MARIA THOMEE 1, 7800, ATH","c(3.7766060410643, 50.63447535)",1,1,1,2025-10-11T08:00:00Z,2025-10-11T08:18:44Z,vehicle,car,24468,1124,1090,9.7088,0
51065G08-,CENTRE HOSPITALIER EPICURA,"RUE MARIA THOMEE 1, 7800, ATH","CENTRE HOSPITALIER EPICURA -- RUE MARIA THOMEE 1, 7800, ATH","c(3.7766060410643, 50.63447535)",1,1,1,2025-10-11T08:00:00Z,2025-10-11T08:19:43Z,vehicle,car,24269,1183,1164,9.7858,0
51065G09-,CENTRE HOSPITALIER EPICURA,"RUE MARIA THOMEE 1, 7800, ATH","CENTRE HOSPITALIER EPICURA -- RUE MARIA THOMEE 1, 7800, ATH","c(3.7766060410643, 50.63447535)",1,1,1,2025-10-11T08:00:00Z,2025-10-11T08:19:42Z,vehicle,car,24601,1182,1141,9.9131,0
51065H00-,CENTRE HOSPITALIER EPICURA,"RUE MARIA THOMEE 1, 7800, ATH","CENTRE HOSPITALIER EPICURA -- RUE MARIA THOMEE 1, 7800, ATH","c(3.7766060410643, 50.63447535)",1,1,1,2025-10-11T08:00:00Z,2025-10-11T08:21:27Z,vehicle,car,27649,1287,1233,10.8053,0
51065H082,CENTRE HOSPITALIER EPICURA,"RUE MARIA THOMEE 1, 7800, ATH","CENTRE HOSPITALIER EPICURA -- RUE MARIA THOMEE 1, 7800, ATH","c(3.7766060410643, 50.63447535)",1,1,1,2025-10-11T08:00:00Z,2025-10-11T08:19:51Z,vehicle,car,25083,1191,1170,10.1158,0
51065H091,CENTRE HOSPITALIER EPICURA,"RUE MARIA THOMEE 1, 7800, ATH","CENTRE HOSPITALIER EPICURA -- RUE MARIA THOMEE 1, 7800, ATH","c(3.7766060410643, 50.63447535)",1,1,1,2025-10-11T08:00:00Z,2025-10-11T08:21:21Z,vehicle,car,27567,1281,1229,10.7895,0
51065J00-,CENTRE HOSPITALIER EPICURA,"RUE MARIA THOMEE 1, 7800, ATH","CENTRE HOSPITALIER EPICURA -- RUE MARIA THOMEE 1, 7800, ATH","c(3.7766060410643, 50.63447535)",1,1,1,2025-10-11T08:00:00Z,2025-10-11T08:20:01Z,vehicle,car,25744,1201,1168,10.2794,0
51065J082,CENTRE HOSPITALIER EPICURA,"RUE MARIA THOMEE 1, 7800, ATH","CENTRE HOSPITALIER EPICURA -- RUE MARIA THOMEE 1, 7800, ATH","c(3.7766060410643, 50.63447535)",1,1,1,2025-10-11T08:00:00Z,2025-10-11T08:20:02Z,vehicle,car,25932,1202,1167,10.3036,0
51065N00-,CENTRE HOSPITALIER EPICURA,"RUE MARIA THOMEE 1, 7800, ATH","CENTRE HOSPITALIER EPICURA -- RUE MARIA THOMEE 1, 7800, ATH","c(3.7766060410643, 50.63447535)",1,1,1,2025-10-11T08:00:00Z,2025-10-11T08:21:56Z,vehicle,car,28700,1316,1284,11.3096,0
51065N002,CENTRE HOSPITALIER EPICURA,"RUE MARIA THOMEE 1, 7800, ATH","CENTRE HOSPITALIER EPICURA -- RUE MARIA THOMEE 1, 7800, ATH","c(3.7766060410643, 50.63447535)",1,1,1,2025-10-11T08:00:00Z,2025-10-11T08:22:48Z,vehicle,car,28842,1368,1341,11.5605,0
51065N091,CENTRE HOSPITALIER EPICURA,"RUE MARIA THOMEE 1, 7800, ATH","CENTRE HOSPITALIER EPICURA -- RUE MARIA THOMEE 1, 7800, ATH","c(3.7766060410643, 50.63447535)",1,1,1,2025-10-11T08:00:00Z,2025-10-11T08:22:49Z,vehicle,car,28775,1369,1342,11.5638,0
51065N199,CENTRE HOSPITALIER EPICURA,"RUE MARIA THOMEE 1, 7800, ATH","CENTRE HOSPITALIER EPICURA -- RUE MARIA THOMEE 1, 7800, ATH","c(3.7766060410643, 50.63447535)",1,1,1,2025-10-11T08:00:00Z,2025-10-11T08:21:33Z,vehicle,car,28328,1293,1261,11.149,0
51065P19-,CENTRE HOSPITALIER EPICURA,"RUE MARIA THOMEE 1, 7800, ATH","CENTRE HOSPITALIER EPICURA -- RUE MARIA THOMEE 1, 7800, ATH","c(3.7766060410643, 50.63447535)",1,1,1,2025-10-11T08:00:00Z,2025-10-11T08:24:35Z,vehicle,car,30361,1475,1443,12.0305,0
53046A001,CENTRE HOSPITALIER EPICURA,"RUE MARIA THOMEE 1, 7800, ATH","CENTRE HOSPITALIER EPICURA -- RUE MARIA THOMEE 1, 7800, ATH","c(3.7766060410643, 50.63447535)",1,1,1,2025-10-11T08:00:00Z,2025-10-11T08:16:24Z,vehicle,car,14133,984,859,5.1629,0
53046A023,CENTRE HOSPITALIER EPICURA,"RUE MARIA THOMEE 1, 7800, ATH","CENTRE HOSPITALIER EPICURA -- RUE MARIA THOMEE 1, 7800, ATH","c(3.7766060410643, 50.63447535)",1,1,1,2025-10-11T08:00:00Z,2025-10-11T08:16:50Z,vehicle,car,14724,1010,882,5.3425,0
53070F010,CENTRE HOSPITALIER EPICURA,"RUE MARIA THOMEE 1, 7800, ATH","CENTRE HOSPITALIER EPICURA -- RUE MARIA THOMEE 1, 7800, ATH","c(3.7766060410643, 50.63447535)",1,1,1,2025-10-11T08:00:00Z,2025-10-11T08:23:32Z,vehicle,car,18644,1412,1255,7.0215,0
53070F08-,CENTRE HOSPITALIER EPICURA,"RUE MARIA THOMEE 1, 7800, ATH","CENTRE HOSPITALIER EPICURA -- RUE MARIA THOMEE 1, 7800, ATH","c(3.7766060410643, 50.63447535)",1,1,1,2025-10-11T08:00:00Z,2025-10-11T08:21:55Z,vehicle,car,17254,1315,1175,6.3615,0
53070F30-,CENTRE HOSPITALIER EPICURA,"RUE MARIA THOMEE 1, 7800, ATH","CENTRE HOSPITALIER EPICURA -- RUE MARIA THOMEE 1, 7800, ATH","c(3.7766060410643, 50.63447535)",1,1,1,2025-10-11T08:00:00Z,2025-10-11T08:24:53Z,vehicle,car,19307,1493,1334,7.2038,0
53070F39-,CENTRE HOSPITALIER EPICURA,"RUE MARIA THOMEE 1, 7800, ATH","CENTRE HOSPITALIER EPICURA -- RUE MARIA THOMEE 1, 7800, ATH","c(3.7766060410643, 50.63447535)",1,1,1,2025-10-11T08:00:00Z,2025-10-11T08:23:23Z,vehicle,car,17844,1403,1262,6.7329,0
55010B100,CENTRE HOSPITALIER EPICURA,"RUE MARIA THOMEE 1, 7800, ATH","CENTRE HOSPITALIER EPICURA -- RUE MARIA THOMEE 1, 7800, ATH","c(3.7766060410643, 50.63447535)",1,1,1,2025-10-11T08:00:00Z,2025-10-11T08:21:17Z,vehicle,car,18432,1277,1156,6.9328,0
55010B190,CENTRE HOSPITALIER EPICURA,"RUE MARIA THOMEE 1, 7800, ATH","CENTRE HOSPITALIER EPICURA -- RUE MARIA THOMEE 1, 7800, ATH","c(3.7766060410643, 50.63447535)",1,1,1,2025-10-11T08:00:00Z,2025-10-11T08:22:28Z,vehicle,car,18799,1348,1232,7.124,0
55010B21-,CENTRE HOSPITALIER EPICURA,"RUE MARIA THOMEE 1, 7800, ATH","CENTRE HOSPITALIER EPICURA -- RUE MARIA THOMEE 1, 7800, ATH","c(3.7766060410643, 50.63447535)",1,1,1,2025-10-11T08:00:00Z,2025-10-11T08:16:02Z,vehicle,car,16205,962,894,5.7311,0
55010B29-,CENTRE HOSPITALIER EPICURA,"RUE MARIA THOMEE 1, 7800, ATH","CENTRE HOSPITALIER EPICURA -- RUE MARIA THOMEE 1, 7800, ATH","c(3.7766060410643, 50.63447535)",1,1,1,2025-10-11T08:00:00Z,2025-10-11T08:15:11Z,vehicle,car,15717,911,846,5.5509,0
55023B19-,CENTRE HOSPITALIER EPICURA,"RUE MARIA THOMEE 1, 7800, ATH","CENTRE HOSPITALIER EPICURA -- RUE MARIA THOMEE 1, 7800, ATH","c(3.7766060410643, 50.63447535)",1,1,1,2025-10-11T08:00:00Z,2025-10-11T08:25:34Z,vehicle,car,20079,1534,1430,8.0856,0
57003A001,CENTRE HOSPITALIER EPICURA,"RUE MARIA THOMEE 1, 7800, ATH","CENTRE HOSPITALIER EPICURA -- RUE MARIA THOMEE 1, 7800, ATH","c(3.7766060410643, 50.63447535)",1,1,1,2025-10-11T08:00:00Z,2025-10-11T08:26:39Z,vehicle,car,27608,1599,1501,9.9673,0
57003A01-,CENTRE HOSPITALIER EPICURA,"RUE MARIA THOMEE 1, 7800, ATH","CENTRE HOSPITALIER EPICURA -- RUE MARIA THOMEE 1, 7800, ATH","c(3.7766060410643, 50.63447535)",1,1,1,2025-10-11T08:00:00Z,2025-10-11T08:25:09Z,vehicle,car,26368,1509,1416,9.3811,0
57003A022,CENTRE HOSPITALIER EPICURA,"RUE MARIA THOMEE 1, 7800, ATH","CENTRE HOSPITALIER EPICURA -- RUE MARIA THOMEE 1, 7800, ATH","c(3.7766060410643, 50.63447535)",1,1,1,2025-10-11T08:00:00Z,2025-10-11T08:28:14Z,vehicle,car,28195,1694,1571,10.4538,0
57003A072,CENTRE HOSPITALIER EPICURA,"RUE MARIA THOMEE 1, 7800, ATH","CENTRE HOSPITALIER EPICURA -- RUE MARIA THOMEE 1, 7800, ATH","c(3.7766060410643, 50.63447535)",1,1,1,2025-10-11T08:00:00Z,2025-10-11T08:27:55Z,vehicle,car,27897,1675,1581,10.0214,0
57003A091,CENTRE HOSPITALIER EPICURA,"RUE MARIA THOMEE 1, 7800, ATH","CENTRE HOSPITALIER EPICURA -- RUE MARIA THOMEE 1, 7800, ATH","c(3.7766060410643, 50.63447535)",1,1,1,2025-10-11T08:00:00Z,2025-10-11T08:28:38Z,vehicle,car,28174,1718,1624,10.1608,0
57003B00-,CENTRE HOSPITALIER EPICURA,"RUE MARIA THOMEE 1, 7800, ATH","CENTRE HOSPITALIER EPICURA -- RUE MARIA THOMEE 1, 7800, ATH","c(3.7766060410643, 50.63447535)",1,1,1,2025-10-11T08:00:00Z,2025-10-11T08:25:20Z,vehicle,car,26660,1520,1421,9.4483,0
57003B0MA,CENTRE HOSPITALIER EPICURA,"RUE MARIA THOMEE 1, 7800, ATH","CENTRE HOSPITALIER EPICURA -- RUE MARIA THOMEE 1, 7800, ATH","c(3.7766060410643, 50.63447535)",1,1,1,2025-10-11T08:00:00Z,2025-10-11T08:24:35Z,vehicle,car,24969,1475,1387,8.8292,0
57003D08-,CENTRE HOSPITALIER EPICURA,"RUE MARIA THOMEE 1, 7800, ATH","CENTRE HOSPITALIER EPICURA -- RUE MARIA THOMEE 1, 7800, ATH","c(3.7766060410643, 50.63447535)",1,1,1,2025-10-11T08:00:00Z,2025-10-11T08:28:42Z,vehicle,car,28920,1722,1624,10.6099,0
57003E17-,CENTRE HOSPITALIER EPICURA,"RUE MARIA THOMEE 1, 7800, ATH","CENTRE HOSPITALIER EPICURA -- RUE MARIA THOMEE 1, 7800, ATH","c(3.7766060410643, 50.63447535)",1,1,1,2025-10-11T08:00:00Z,2025-10-11T08:28:52Z,vehicle,car,28676,1732,1607,10.6512,0
57003F08-,CENTRE HOSPITALIER EPICURA,"RUE MARIA THOMEE 1, 7800, ATH","CENTRE HOSPITALIER EPICURA -- RUE MARIA THOMEE 1, 7800, ATH","c(3.7766060410643, 50.63447535)",1,1,1,2025-10-11T08:00:00Z,2025-10-11T08:29:29Z,vehicle,car,28922,1769,1644,10.7575,0
57018E000,CENTRE HOSPITALIER EPICURA,"RUE MARIA THOMEE 1, 7800, ATH","CENTRE HOSPITALIER EPICURA -- RUE MARIA THOMEE 1, 7800, ATH","c(3.7766060410643, 50.63447535)",1,1,1,2025-10-11T08:00:00Z,2025-10-11T08:25:12Z,vehicle,car,31852,1512,1439,12.3393,0
57018F00-,CENTRE HOSPITALIER EPICURA,"RUE MARIA THOMEE 1, 7800, ATH","CENTRE HOSPITALIER EPICURA -- RUE MARIA THOMEE 1, 7800, ATH","c(3.7766060410643, 50.63447535)",1,1,1,2025-10-11T08:00:00Z,2025-10-11T08:24:39Z,vehicle,car,29714,1479,1395,11.8046,0
57018F09-,CENTRE HOSPITALIER EPICURA,"RUE MARIA THOMEE 1, 7800, ATH","CENTRE HOSPITALIER EPICURA -- RUE MARIA THOMEE 1, 7800, ATH","c(3.7766060410643, 50.63447535)",1,1,1,2025-10-11T08:00:00Z,2025-10-11T08:24:00Z,vehicle,car,29691,1440,1373,11.5909,0
57064A05-,CENTRE HOSPITALIER EPICURA,"RUE MARIA THOMEE 1, 7800, ATH","CENTRE HOSPITALIER EPICURA -- RUE MARIA THOMEE 1, 7800, ATH","c(3.7766060410643, 50.63447535)",1,1,1,2025-10-11T08:00:00Z,2025-10-11T08:23:53Z,vehicle,car,24446,1433,1341,8.645,0
57064A212,CENTRE HOSPITALIER EPICURA,"RUE MARIA THOMEE 1, 7800, ATH","CENTRE HOSPITALIER EPICURA -- RUE MARIA THOMEE 1, 7800, ATH","c(3.7766060410643, 50.63447535)",1,1,1,2025-10-11T08:00:00Z,2025-10-11T08:26:17Z,vehicle,car,23142,1577,1464,8.7618,0
57064B00-,CENTRE HOSPITALIER EPICURA,"RUE MARIA THOMEE 1, 7800, ATH","CENTRE HOSPITALIER EPICURA -- RUE MARIA THOMEE 1, 7800, ATH","c(3.7766060410643, 50.63447535)",1,1,1,2025-10-11T08:00:00Z,2025-10-11T08:28:40Z,vehicle,car,31872,1720,1620,11.6895,0
57064B02-,CENTRE HOSPITALIER EPICURA,"RUE MARIA THOMEE 1, 7800, ATH","CENTRE HOSPITALIER EPICURA -- RUE MARIA THOMEE 1, 7800, ATH","c(3.7766060410643, 50.63447535)",1,1,1,2025-10-11T08:00:00Z,2025-10-11T08:31:35Z,vehicle,car,32833,1895,1796,12.2643,0
57064K00-,CENTRE HOSPITALIER EPICURA,"RUE MARIA THOMEE 1, 7800, ATH","CENTRE HOSPITALIER EPICURA -- RUE MARIA THOMEE 1, 7800, ATH","c(3.7766060410643, 50.63447535)",1,1,1,2025-10-11T08:00:00Z,2025-10-11T08:27:32Z,vehicle,car,23622,1652,1542,8.7556,0
57064K09-,CENTRE HOSPITALIER EPICURA,"RUE MARIA THOMEE 1, 7800, ATH","CENTRE HOSPITALIER EPICURA -- RUE MARIA THOMEE 1, 7800, ATH","c(3.7766060410643, 50.63447535)",1,1,1,2025-10-11T08:00:00Z,2025-10-11T08:28:00Z,vehicle,car,23494,1680,1570,8.7026,0
57081D00-,CENTRE HOSPITALIER EPICURA,"RUE MARIA THOMEE 1, 7800, ATH","CENTRE HOSPITALIER EPICURA -- RUE MARIA THOMEE 1, 7800, ATH","c(3.7766060410643, 50.63447535)",1,1,1,2025-10-11T08:00:00Z,2025-10-11T08:27:05Z,vehicle,car,25559,1625,1475,9.4465,0
57081D082,CENTRE HOSPITALIER EPICURA,"RUE MARIA THOMEE 1, 7800, ATH","CENTRE HOSPITALIER EPICURA -- RUE MARIA THOMEE 1, 7800, ATH","c(3.7766060410643, 50.63447535)",1,1,1,2025-10-11T08:00:00Z,2025-10-11T08:26:09Z,vehicle,car,32499,1569,1519,12.5834,0
57081D091,CENTRE HOSPITALIER EPICURA,"RUE MARIA THOMEE 1, 7800, ATH","CENTRE HOSPITALIER EPICURA -- RUE MARIA THOMEE 1, 7800, ATH","c(3.7766060410643, 50.63447535)",1,1,1,2025-10-11T08:00:00Z,2025-10-11T08:28:05Z,vehicle,car,25995,1685,1534,9.694,0
57081D10-,CENTRE HOSPITALIER EPICURA,"RUE MARIA THOMEE 1, 7800, ATH","CENTRE HOSPITALIER EPICURA -- RUE MARIA THOMEE 1, 7800, ATH","c(3.7766060410643, 50.63447535)",1,1,1,2025-10-11T08:00:00Z,2025-10-11T08:25:25Z,vehicle,car,23955,1525,1385,8.8475,0
57081D18-,CENTRE HOSPITALIER EPICURA,"RUE MARIA THOMEE 1, 7800, ATH","CENTRE HOSPITALIER EPICURA -- RUE MARIA THOMEE 1, 7800, ATH","c(3.7766060410643, 50.63447535)",1,1,1,2025-10-11T08:00:00Z,2025-10-11T08:28:02Z,vehicle,car,24906,1682,1541,9.3273,0
57081D19-,CENTRE HOSPITALIER EPICURA,"RUE MARIA THOMEE 1, 7800, ATH","CENTRE HOSPITALIER EPICURA -- RUE MARIA THOMEE 1, 7800, ATH","c(3.7766060410643, 50.63447535)",1,1,1,2025-10-11T08:00:00Z,2025-10-11T08:27:21Z,vehicle,car,24772,1641,1501,9.2414,0
57081D29-,CENTRE HOSPITALIER EPICURA,"RUE MARIA THOMEE 1, 7800, ATH","CENTRE HOSPITALIER EPICURA -- RUE MARIA THOMEE 1, 7800, ATH","c(3.7766060410643, 50.63447535)",1,1,1,2025-10-11T08:00:00Z,2025-10-11T08:23:42Z,vehicle,car,30978,1422,1373,11.8694,0
57081E00-,CENTRE HOSPITALIER EPICURA,"RUE MARIA THOMEE 1, 7800, ATH","CENTRE HOSPITALIER EPICURA -- RUE MARIA THOMEE 1, 7800, ATH","c(3.7766060410643, 50.63447535)",1,1,1,2025-10-11T08:00:00Z,2025-10-11T08:22:28Z,vehicle,car,29586,1348,1300,11.3463,0
57081E10-,CENTRE HOSPITALIER EPICURA,"RUE MARIA THOMEE 1, 7800, ATH","CENTRE HOSPITALIER EPICURA -- RUE MARIA THOMEE 1, 7800, ATH","c(3.7766060410643, 50.63447535)",1,1,1,2025-10-11T08:00:00Z,2025-10-11T08:20:32Z,vehicle,car,27279,1232,1190,10.6836,0
57081E19-,CENTRE HOSPITALIER EPICURA,"RUE MARIA THOMEE 1, 7800, ATH","CENTRE HOSPITALIER EPICURA -- RUE MARIA THOMEE 1, 7800, ATH","c(3.7766060410643, 50.63447535)",1,1,1,2025-10-11T08:00:00Z,2025-10-11T08:20:16Z,vehicle,car,27568,1216,1177,10.678,0
57081F00-,CENTRE HOSPITALIER EPICURA,"RUE MARIA THOMEE 1, 7800, ATH","CENTRE HOSPITALIER EPICURA -- RUE MARIA THOMEE 1, 7800, ATH","c(3.7766060410643, 50.63447535)",1,1,1,2025-10-11T08:00:00Z,2025-10-11T08:25:48Z,vehicle,car,23418,1548,1406,8.7121,0
57081F01-,CENTRE HOSPITALIER EPICURA,"RUE MARIA THOMEE 1, 7800, ATH","CENTRE HOSPITALIER EPICURA -- RUE MARIA THOMEE 1, 7800, ATH","c(3.7766060410643, 50.63447535)",1,1,1,2025-10-11T08:00:00Z,2025-10-11T08:23:39Z,vehicle,car,22739,1419,1287,8.2847,0
57081F09-,CENTRE HOSPITALIER EPICURA,"RUE MARIA THOMEE 1, 7800, ATH","CENTRE HOSPITALIER EPICURA -- RUE MARIA THOMEE 1, 7800, ATH","c(3.7766060410643, 50.63447535)",1,1,1,2025-10-11T08:00:00Z,2025-10-11T08:24:26Z,vehicle,car,22720,1466,1341,8.4177,0
57081F19-,CENTRE HOSPITALIER EPICURA,"RUE MARIA THOMEE 1, 7800, ATH","CENTRE HOSPITALIER EPICURA -- RUE MARIA THOMEE 1, 7800, ATH","c(3.7766060410643, 50.63447535)",1,1,1,2025-10-11T08:00:00Z,2025-10-11T08:23:20Z,vehicle,car,21048,1400,1267,7.7159,0
57081F29-,CENTRE HOSPITALIER EPICURA,"RUE MARIA THOMEE 1, 7800, ATH","CENTRE HOSPITALIER EPICURA -- RUE MARIA THOMEE 1, 7800, ATH","c(3.7766060410643, 50.63447535)",1,1,1,2025-10-11T08:00:00Z,2025-10-11T08:24:04Z,vehicle,car,22081,1444,1326,8.0777,0
57081F39-,CENTRE HOSPITALIER EPICURA,"RUE MARIA THOMEE 1, 7800, ATH","CENTRE HOSPITALIER EPICURA -- RUE MARIA THOMEE 1, 7800, ATH","c(3.7766060410643, 50.63447535)",1,1,1,2025-10-11T08:00:00Z,2025-10-11T08:26:18Z,vehicle,car,29929,1578,1538,11.868,0
57081F40-,CENTRE HOSPITALIER EPICURA,"RUE MARIA THOMEE 1, 7800, ATH","CENTRE HOSPITALIER EPICURA -- RUE MARIA THOMEE 1, 7800, ATH","c(3.7766060410643, 50.63447535)",1,1,1,2025-10-11T08:00:00Z,2025-10-11T08:24:07Z,vehicle,car,29788,1447,1370,11.4759,0
57081F49-,CENTRE HOSPITALIER EPICURA,"RUE MARIA THOMEE 1, 7800, ATH","CENTRE HOSPITALIER EPICURA -- RUE MARIA THOMEE 1, 7800, ATH","c(3.7766060410643, 50.63447535)",1,1,1,2025-10-11T08:00:00Z,2025-10-11T08:21:28Z,vehicle,car,28292,1288,1238,10.9316,0
57081G10-,CENTRE HOSPITALIER EPICURA,"RUE MARIA THOMEE 1, 7800, ATH","CENTRE HOSPITALIER EPICURA -- RUE MARIA THOMEE 1, 7800, ATH","c(3.7766060410643, 50.63447535)",1,1,1,2025-10-11T08:00:00Z,2025-10-11T08:20:39Z,vehicle,car,19631,1239,1128,7.0321,0
57081G19-,CENTRE HOSPITALIER EPICURA,"RUE MARIA THOMEE 1, 7800, ATH","CENTRE HOSPITALIER EPICURA -- RUE MARIA THOMEE 1, 7800, ATH","c(3.7766060410643, 50.63447535)",1,1,1,2025-10-11T08:00:00Z,2025-10-11T08:21:44Z,vehicle,car,20015,1304,1186,7.1196,0
57081J001,CENTRE HOSPITALIER EPICURA,"RUE MARIA THOMEE 1, 7800, ATH","CENTRE HOSPITALIER EPICURA -- RUE MARIA THOMEE 1, 7800, ATH","c(3.7766060410643, 50.63447535)",1,1,1,2025-10-11T08:00:00Z,2025-10-11T08:23:03Z,vehicle,car,23567,1383,1296,8.3281,0
57081J010,CENTRE HOSPITALIER EPICURA,"RUE MARIA THOMEE 1, 7800, ATH","CENTRE HOSPITALIER EPICURA -- RUE MARIA THOMEE 1, 7800, ATH","c(3.7766060410643, 50.63447535)",1,1,1,2025-10-11T08:00:00Z,2025-10-11T08:20:15Z,vehicle,car,21560,1215,1135,7.4667,0
57081J022,CENTRE HOSPITALIER EPICURA,"RUE MARIA THOMEE 1, 7800, ATH","CENTRE HOSPITALIER EPICURA -- RUE MARIA THOMEE 1, 7800, ATH","c(3.7766060410643, 50.63447535)",1,1,1,2025-10-11T08:00:00Z,2025-10-11T08:24:06Z,vehicle,car,23999,1446,1360,8.5547,0
57081J033,CENTRE HOSPITALIER EPICURA,"RUE MARIA THOMEE 1, 7800, ATH","CENTRE HOSPITALIER EPICURA -- RUE MARIA THOMEE 1, 7800, ATH","c(3.7766060410643, 50.63447535)",1,1,1,2025-10-11T08:00:00Z,2025-10-11T08:21:56Z,vehicle,car,22642,1316,1232,7.9884,0
57081J080,CENTRE HOSPITALIER EPICURA,"RUE MARIA THOMEE 1, 7800, ATH","CENTRE HOSPITALIER EPICURA -- RUE MARIA THOMEE 1, 7800, ATH","c(3.7766060410643, 50.63447535)",1,1,1,2025-10-11T08:00:00Z,2025-10-11T08:21:02Z,vehicle,car,21348,1262,1186,7.4462,0
57081J09-,CENTRE HOSPITALIER EPICURA,"RUE MARIA THOMEE 1, 7800, ATH","CENTRE HOSPITALIER EPICURA -- RUE MARIA THOMEE 1, 7800, ATH","c(3.7766060410643, 50.63447535)",1,1,1,2025-10-11T08:00:00Z,2025-10-11T08:24:08Z,vehicle,car,24269,1448,1362,8.6483,0
57081J101,CENTRE HOSPITALIER EPICURA,"RUE MARIA THOMEE 1, 7800, ATH","CENTRE HOSPITALIER EPICURA -- RUE MARIA THOMEE 1, 7800, ATH","c(3.7766060410643, 50.63447535)",1,1,1,2025-10-11T08:00:00Z,2025-10-11T08:22:15Z,vehicle,car,23507,1335,1247,8.2336,0
57081J112,CENTRE HOSPITALIER EPICURA,"RUE MARIA THOMEE 1, 7800, ATH","CENTRE HOSPITALIER EPICURA -- RUE MARIA THOMEE 1, 7800, ATH","c(3.7766060410643, 50.63447535)",1,1,1,2025-10-11T08:00:00Z,2025-10-11T08:23:27Z,vehicle,car,24113,1407,1317,8.5671,0
57081J19-,CENTRE HOSPITALIER EPICURA,"RUE MARIA THOMEE 1, 7800, ATH","CENTRE HOSPITALIER EPICURA -- RUE MARIA THOMEE 1, 7800, ATH","c(3.7766060410643, 50.63447535)",1,1,1,2025-10-11T08:00:00Z,2025-10-11T08:30:13Z,vehicle,car,29284,1813,1716,10.9438,0
57081J1MJ,CENTRE HOSPITALIER EPICURA,"RUE MARIA THOMEE 1, 7800, ATH","CENTRE HOSPITALIER EPICURA -- RUE MARIA THOMEE 1, 7800, ATH","c(3.7766060410643, 50.63447535)",1,1,1,2025-10-11T08:00:00Z,2025-10-11T08:24:16Z,vehicle,car,24595,1456,1366,8.8329,0
57093B00-,CENTRE HOSPITALIER EPICURA,"RUE MARIA THOMEE 1, 7800, ATH","CENTRE HOSPITALIER EPICURA -- RUE MARIA THOMEE 1, 7800, ATH","c(3.7766060410643, 50.63447535)",1,1,1,2025-10-11T08:00:00Z,2025-10-11T08:34:54Z,vehicle,car,35620,2094,1948,12.8848,0
57093B08-,CENTRE HOSPITALIER EPICURA,"RUE MARIA THOMEE 1, 7800, ATH","CENTRE HOSPITALIER EPICURA -- RUE MARIA THOMEE 1, 7800, ATH","c(3.7766060410643, 50.63447535)",1,1,1,2025-10-11T08:00:00Z,2025-10-11T08:34:09Z,vehicle,car,35035,2049,1913,12.6443,0
57093B09-,CENTRE HOSPITALIER EPICURA,"RUE MARIA THOMEE 1, 7800, ATH","CENTRE HOSPITALIER EPICURA -- RUE MARIA THOMEE 1, 7800, ATH","c(3.7766060410643, 50.63447535)",1,1,1,2025-10-11T08:00:00Z,2025-10-11T08:37:28Z,vehicle,car,36658,2248,2083,13.5297,0
57093B11-,CENTRE HOSPITALIER EPICURA,"RUE MARIA THOMEE 1, 7800, ATH","CENTRE HOSPITALIER EPICURA -- RUE MARIA THOMEE 1, 7800, ATH","c(3.7766060410643, 50.63447535)",1,1,1,2025-10-11T08:00:00Z,2025-10-11T08:32:47Z,vehicle,car,34157,1967,1836,12.3339,0
